date,Adobe Acrobat,Authenticator,Bluecoins,BPI,Brave,Calculator,Calendar,Camera,CIMB,Clock,ColorNote,Contacts,Coursera,Crunchyroll,Discord,File Manager,Files,Gallery,GCash,GigaLife,Gmail,GOMO,Google,Google Play Store,Keep Notes,Lazada,Maya,Messages,Messenger,Money Manager,PingID,Radio,Reddit,Security Bank,Settings,Shopee,Spotify,System UI,Telegram,VLC,Wallet,ZenUI Launcher,Zoom
2023-01-01,00:00:00,00:00:00,00:00:00,00:00:00,01:33:02,00:05:52,00:00:00,00:00:00,00:02:05,00:00:36,00:00:37,00:00:00,00:00:00,00:00:00,00:00:04,00:00:00,00:00:00,00:00:00,00:02:35,00:00:00,00:00:00,00:00:00,00:00:00,00:00:00,00:00:00,00:13:02,00:02:07,00:04:26,00:00:24,00:00:00,00:00:00,00:00:00,00:35:56,00:00:22,00:00:00,00:00:00,00:23:56,00:01:06,00:00:00,00:00:00,00:00:00,00:08:34,00:00:00
2023-01-02,00:00:00,00:00:00,00:00:00,00:00:00,00:30:24,00:02:04,00:00:08,00:00:00,00:00:38,00:00:07,00:00:30,00:00:00,00:00:00,00:00:00,00:01:14,00:00:00,00:00:00,00:00:00,00:02:12,00:00:00,00:01:00,00:00:00,00:00:00,00:00:00,00:00:23,00:01:55,00:00:48,00:00:00,00:00:00,00:00:00,00:00:00,00:00:00,00:18:44,00:00:24,00:00:21,00:00:00,00:28:33,00:00:41,00:00:00,00:00:00,00:03:12,00:02:50,00:00:00
2023-01-03,00:00:00,00:00:00,00:00:00,00:00:00,01:25:59,00:00:00,00:00:00,00:00:00,00:00:00,00:10:02,00:00:00,00:00:00,00:00:00,00:00:00,00:00:00,00:00:00,00:00:00,00:00:00,00:00:00,00:00:00,00:00:44,00:00:00,00:00:00,00:00:00,00:00:00,00:20:06,00:02:48,00:00:00,00:00:00,00:00:00,00:12:20,00:00:00,00:46:36,00:00:00,00:00:00,00:00:00,00:00:00,00:00:38,00:00:00,00:00:00,00:00:00,00:07:04,00:00:00
2023-01-04,00:00:00,00:00:00,00:00:00,00:00:00,01:59:03,00:00:06,00:00:00,00:00:00,00:00:45,00:25:40,00:00:00,00:00:00,00:00:00,00:00:00,00:00:00,00:00:00,00:00:00,00:00:00,00:05:20,00:00:00,00:00:26,00:00:00,00:00:00,00:00:00,00:01:12,00:01:41,00:01:27,00:00:00,00:00:00,00:00:00,00:03:43,00:00:00,00:38:55,00:00:32,00:00:00,00:00:00,00:01:25,00:00:52,00:00:00,00:00:00,00:00:19,00:10:35,00:00:00
2023-01-05,00:00:00,00:00:00,00:00:00,00:00:00,01:50:33,00:00:00,00:00:00,00:00:00,00:00:00,00:00:43,00:02:21,00:00:00,00:00:00,00:00:00,00:16:35,00:00:00,00:00:00,00:00:00,00:00:00,00:00:00,00:00:39,00:00:00,00:00:00,00:00:00,00:00:35,00:00:00,00:01:50,00:00:00,00:00:00,00:00:00,00:14:39,00:00:00,00:37:21,00:00:00,00:00:00,00:00:00,00:04:27,00:00:53,00:00:00,00:00:00,00:02:29,00:12:31,00:00:00
2023-01-06,00:00:00,00:00:00,01:20:49,00:00:00,01:09:02,00:00:25,00:00:00,00:00:00,00:00:59,00:01:24,00:00:06,00:00:00,00:00:00,00:00:00,00:10:58,00:00:00,00:00:00,00:00:51,00:01:44,00:00:00,00:01:22,00:00:00,00:00:00,00:04:30,00:00:00,00:00:00,00:01:06,00:00:00,00:00:00,00:00:00,00:14:36,00:00:00,01:19:42,00:00:16,00:00:00,00:00:00,00:11:26,00:03:05,00:00:00,00:00:24,01:09:29,00:12:39,00:00:00
2023-01-07,00:00:00,00:00:00,00:00:46,00:00:00,00:33:10,00:00:09,00:01:08,00:00:00,00:00:00,00:19:24,00:00:00,00:00:00,00:00:00,00:00:00,00:00:20,00:00:00,00:00:49,00:00:00,00:11:22,00:00:00,00:01:21,00:00:00,00:00:00,00:02:45,00:00:00,00:00:00,00:00:00,00:00:00,00:00:00,00:00:00,00:11:43,00:00:00,00:34:39,00:00:23,00:00:00,00:00:00,00:06:18,00:00:44,00:00:00,00:00:00,00:02:09,00:08:51,00:00:00
2023-01-08,00:00:00,00:00:00,00:10:45,00:00:00,00:20:53,00:01:13,00:00:00,00:01:19,00:00:00,00:00:08,00:00:00,00:00:00,00:04:55,00:00:00,00:07:29,00:00:00,00:00:52,00:00:00,00:07:27,00:00:00,00:02:21,00:00:00,00:00:00,00:05:55,00:00:00,00:00:00,00:00:00,00:00:00,00:00:00,00:00:00,00:00:00,00:00:00,01:29:34,00:00:00,00:00:00,00:00:00,00:16:31,00:01:23,00:00:00,00:00:00,00:13:57,00:10:07,00:00:00
2023-01-09,00:00:00,00:00:00,00:17:14,00:00:00,01:51:19,00:06:34,00:00:20,00:00:31,00:00:00,00:00:01,00:00:00,00:00:00,00:00:00,00:00:00,00:00:58,00:00:00,00:00:00,00:13:42,00:05:50,00:00:00,00:00:58,00:00:00,00:00:00,00:04:26,00:00:00,00:00:00,00:04:51,00:00:00,00:00:00,00:13:51,00:07:00,00:00:00,01:14:12,00:00:00,00:00:00,00:00:00,00:07:25,00:01:57,00:00:00,00:00:00,00:02:21,00:13:56,00:00:00
2023-01-10,00:00:00,00:00:00,00:24:24,00:00:00,01:01:35,00:04:38,00:00:07,00:01:27,00:00:50,00:01:28,00:00:00,00:00:00,00:00:00,00:00:00,00:02:50,00:00:00,00:00:00,00:00:00,00:00:34,00:00:00,00:00:15,00:00:00,00:00:00,00:00:50,00:09:10,00:00:00,00:00:00,00:00:00,00:00:00,00:00:00,00:14:46,00:00:00,01:06:29,00:00:00,00:01:17,00:00:00,00:00:00,00:00:38,00:00:00,00:00:00,00:00:00,00:14:36,00:00:00
2023-01-11,00:00:00,00:00:00,00:06:12,00:00:00,01:43:22,00:04:03,00:00:00,00:00:00,00:00:00,00:05:05,00:00:00,00:00:00,00:00:00,00:00:00,00:06:13,00:00:00,00:00:00,00:00:09,00:02:14,00:00:00,00:00:00,00:00:00,00:00:00,00:00:00,00:00:00,00:00:00,00:00:00,00:00:00,00:00:00,00:00:00,00:05:50,00:00:00,00:35:55,00:00:00,00:00:00,00:00:00,00:00:00,00:01:50,00:00:00,00:00:00,00:00:00,00:06:56,00:00:00
2023-01-12,00:00:00,00:00:00,00:00:57,00:00:00,01:45:30,00:09:32,00:00:00,00:00:00,00:01:10,00:01:05,00:00:00,00:00:00,00:03:33,00:00:00,00:00:16,00:02:31,00:00:00,00:01:36,00:10:00,00:00:00,00:00:31,00:00:00,00:00:00,00:03:39,00:00:00,00:00:00,00:30:08,00:00:48,00:00:00,00:00:00,00:16:40,00:00:00,00:43:48,00:00:17,00:00:00,00:00:00,00:00:00,00:02:18,00:58:43,00:00:36,00:00:00,00:16:18,00:00:00
2023-01-13,00:00:00,00:00:00,00:02:15,00:00:00,00:20:25,00:01:24,00:00:00,00:00:00,00:00:28,00:19:00,00:00:00,00:00:00,00:00:00,00:00:00,00:03:22,00:07:57,00:00:00,00:00:00,00:03:13,00:00:00,00:00:27,00:00:00,00:00:00,00:00:00,00:00:00,00:00:00,00:11:41,00:00:32,00:00:00,00:00:00,00:12:17,00:00:00,01:03:37,00:00:00,00:00:04,00:00:00,00:09:35,00:00:58,00:00:00,00:00:00,00:00:00,00:18:03,00:00:00
2023-01-14,00:00:00,00:00:00,00:04:46,00:00:00,00:31:19,00:01:06,00:00:00,00:00:00,00:00:00,00:15:25,00:00:00,00:00:00,00:00:00,00:00:00,00:03:08,00:00:00,00:00:00,00:00:00,00:07:11,00:00:00,00:00:26,00:00:00,00:00:00,00:00:30,00:00:00,00:00:00,00:00:00,00:00:00,00:00:00,00:00:00,00:11:23,00:00:00,01:04:12,00:01:37,00:00:00,00:00:00,00:10:59,00:00:42,00:00:00,00:00:00,00:00:00,00:08:00,00:00:00
2023-01-15,00:00:00,00:00:00,00:06:33,00:00:00,00:08:54,00:01:07,00:00:00,00:00:00,00:00:30,00:00:03,00:00:00,00:00:00,00:00:00,00:00:00,00:04:22,00:00:00,00:00:00,00:00:00,00:05:38,00:00:00,00:00:00,00:00:00,00:00:00,00:00:00,00:03:56,00:00:00,00:01:25,00:00:57,00:00:00,00:00:00,00:07:41,00:00:00,00:32:29,00:04:56,00:00:00,00:00:00,00:04:40,00:01:00,00:00:00,00:00:00,00:00:00,00:08:02,00:00:00
2023-01-16,00:00:00,00:00:00,00:06:08,00:00:00,02:18:53,00:00:00,00:00:00,00:00:00,00:00:00,00:00:06,00:00:00,00:00:00,00:00:00,00:00:00,00:02:30,00:00:00,00:00:00,00:00:00,00:00:37,00:00:00,00:00:37,00:00:00,00:00:20,00:00:05,00:02:36,00:00:00,00:01:50,00:00:00,00:00:00,00:00:00,00:00:00,00:00:00,00:34:58,00:00:18,00:00:00,00:00:00,00:18:22,00:00:30,00:00:00,00:00:00,00:00:00,00:10:26,00:00:00
2023-01-17,00:00:00,00:00:00,00:10:22,00:00:00,01:53:37,00:03:00,00:00:23,00:00:00,00:01:02,00:11:01,00:00:00,00:00:00,00:00:00,00:00:00,00:01:22,00:00:00,00:00:00,00:00:00,00:01:14,00:00:00,00:01:40,00:00:00,00:01:17,00:00:00,00:08:11,00:00:00,00:24:13,00:00:00,00:00:00,00:00:00,00:08:21,00:00:00,00:19:29,00:09:48,00:00:00,00:00:00,00:00:00,00:01:15,00:00:00,00:00:00,00:00:00,00:11:17,00:00:00
2023-01-18,00:00:00,00:00:00,00:02:14,00:00:00,02:41:25,00:05:00,00:00:00,00:00:00,00:00:00,00:00:21,00:00:01,00:00:00,00:00:00,00:00:00,00:04:21,00:00:04,00:00:00,00:01:01,00:01:27,00:00:00,00:00:00,00:00:00,00:00:00,00:00:00,00:00:00,00:00:00,00:03:18,00:00:00,00:00:00,00:00:00,00:02:50,00:00:00,00:00:00,00:00:30,00:00:00,00:00:00,00:00:00,00:00:38,00:00:00,00:00:00,00:00:00,00:11:34,00:00:00
2023-01-19,00:00:00,00:00:27,00:00:22,00:00:00,02:38:27,00:03:14,00:03:27,00:00:14,00:00:00,00:17:17,00:00:00,00:00:00,00:00:00,00:00:00,00:02:18,00:00:00,00:00:00,00:00:00,00:03:29,00:00:00,00:00:00,00:00:00,00:00:00,00:02:07,00:00:00,00:00:00,00:02:25,00:00:00,00:00:00,00:00:00,00:19:03,00:00:00,00:00:00,00:00:31,00:00:00,00:00:00,00:00:00,00:00:47,00:00:00,00:00:00,00:00:00,00:28:31,00:00:00
2023-01-20,00:00:00,00:00:00,00:00:00,00:00:00,01:54:42,00:01:42,00:00:21,00:00:00,00:05:43,00:11:07,00:00:07,00:00:01,00:00:00,00:00:00,00:00:19,00:00:00,00:00:00,00:00:04,00:00:00,00:00:00,00:01:05,00:00:00,00:00:00,00:00:00,00:00:00,00:00:00,00:03:52,00:01:21,00:00:00,00:00:00,00:10:17,00:00:00,00:00:00,00:00:16,00:00:00,00:00:00,00:00:00,00:00:34,00:00:00,00:00:00,00:00:00,00:15:40,00:00:00
2023-01-21,00:00:00,00:11:15,00:02:08,00:00:00,01:40:40,00:00:00,00:00:43,00:00:00,00:00:00,00:47:18,00:00:00,00:00:00,00:00:00,00:00:00,00:00:15,00:00:00,00:00:00,00:00:29,00:00:00,00:00:00,00:00:47,00:00:00,00:00:00,00:01:48,00:00:00,00:00:00,00:02:16,00:00:00,00:00:00,00:00:00,00:05:36,00:00:00,00:23:47,00:00:28,00:00:00,00:00:00,00:03:28,00:00:44,00:00:00,00:01:22,00:00:00,00:08:32,00:00:00
2023-01-22,00:00:00,00:00:41,00:04:00,00:00:00,01:01:20,00:00:47,00:00:00,00:00:26,00:00:32,00:00:31,00:00:00,00:00:01,00:00:00,00:00:00,00:01:00,00:00:00,00:00:00,00:01:52,00:00:00,00:00:00,00:00:00,00:00:00,00:00:00,00:00:00,00:00:00,00:00:00,00:00:00,00:00:00,00:00:00,00:00:00,00:00:00,00:00:00,00:00:00,00:00:17,00:00:00,00:00:00,00:16:18,00:00:43,00:00:00,00:00:00,00:00:00,00:14:46,00:00:00
2023-01-23,00:00:00,00:00:00,00:07:44,00:00:00,02:24:34,00:00:30,00:00:23,00:00:00,00:00:00,00:00:44,00:00:16,00:00:00,00:00:00,00:00:00,00:00:00,00:00:00,00:00:00,00:00:14,00:00:00,00:00:00,00:00:00,00:00:00,00:00:00,00:01:21,00:00:00,00:44:44,00:00:00,00:00:00,00:00:00,00:00:00,00:00:00,00:00:00,00:00:00,00:00:00,00:00:00,00:00:00,00:00:00,00:00:33,00:00:00,00:00:00,00:00:00,00:13:50,00:00:00
2023-01-24,00:00:00,00:00:00,00:00:28,00:00:00,03:09:21,00:00:39,00:00:00,00:00:00,00:00:00,00:12:59,00:00:00,00:00:00,00:00:00,00:00:00,02:20:59,00:00:00,00:00:00,00:00:00,00:00:00,00:00:00,00:00:00,00:00:00,00:00:00,00:00:00,00:00:00,00:16:07,00:01:23,00:00:00,00:00:16,00:00:00,00:08:01,00:00:00,00:00:00,00:00:20,00:00:00,00:00:00,00:12:35,00:00:45,00:00:00,00:00:00,00:00:00,00:09:43,00:00:00
2023-01-25,00:00:00,00:00:00,00:00:38,00:00:00,00:52:29,00:08:08,00:00:00,00:00:00,00:00:00,00:08:43,00:00:00,00:00:00,00:00:00,00:00:00,00:09:32,00:00:00,00:00:00,00:00:12,00:02:49,00:00:00,00:02:49,00:00:00,00:00:00,00:00:00,00:00:49,00:15:21,00:04:21,00:00:00,00:00:00,00:00:00,00:10:03,00:00:00,00:00:00,00:00:00,00:00:00,00:00:00,00:04:00,00:00:59,00:00:00,00:01:04,00:00:00,00:13:41,00:00:00
2023-01-26,00:00:00,00:00:00,00:00:24,00:00:00,05:09:09,00:00:00,00:00:00,00:00:00,00:00:00,00:10:31,00:00:00,00:00:00,00:00:00,00:00:00,00:01:24,00:00:00,00:00:00,00:00:00,00:00:00,00:00:00,00:00:00,00:00:00,00:00:00,00:00:00,00:00:00,00:13:31,00:01:11,00:00:10,00:00:00,00:00:00,00:09:10,00:00:00,00:00:00,00:00:00,00:00:00,00:00:00,00:00:00,00:00:32,00:00:00,00:00:00,00:00:00,00:15:00,00:00:00
2023-01-27,00:00:00,00:00:18,00:00:00,00:00:00,02:28:03,00:00:32,00:00:00,00:00:00,00:01:36,00:04:45,00:00:00,00:00:05,00:00:00,00:00:00,00:04:21,00:00:00,00:00:00,00:00:15,00:00:00,00:00:00,00:01:10,00:00:00,00:00:00,00:00:36,00:00:00,00:44:05,00:04:54,00:00:00,00:00:00,00:00:00,00:01:50,00:00:00,00:00:00,00:00:32,00:00:00,00:00:00,00:01:44,00:01:09,00:00:00,00:00:00,00:00:00,00:11:52,00:00:00
2023-01-28,00:00:00,00:00:00,00:02:46,00:00:00,00:57:56,00:03:40,00:00:00,00:00:00,00:00:00,00:00:19,00:00:00,00:00:00,00:00:00,00:00:00,00:00:00,00:00:00,00:00:00,00:00:00,00:00:00,00:00:00,00:00:00,00:00:00,00:00:00,00:00:00,00:00:16,00:25:49,00:00:00,00:00:00,00:00:00,00:00:00,00:04:19,00:00:00,00:00:00,00:00:00,00:00:00,00:00:00,00:01:12,00:00:48,00:00:00,00:00:00,00:00:00,00:03:39,00:00:00
2023-01-29,00:00:00,00:00:00,00:00:00,00:00:00,02:42:21,00:01:32,00:00:49,00:00:00,00:00:00,00:01:58,00:00:00,00:00:00,00:00:00,00:00:00,00:02:22,00:00:00,00:00:00,00:00:00,00:00:00,00:00:00,00:00:00,00:00:00,00:00:00,00:00:00,00:00:00,00:08:50,00:01:19,00:00:00,00:00:00,00:00:00,00:00:00,00:00:00,00:00:00,00:00:22,00:00:00,00:00:00,00:00:07,00:00:40,00:00:00,00:00:00,00:00:00,00:06:52,00:00:00
2023-01-30,00:00:00,00:00:00,00:02:04,00:00:00,02:42:58,00:01:30,00:00:24,00:00:00,00:00:00,00:00:16,00:00:03,00:00:00,00:00:00,00:00:00,00:00:48,00:00:00,00:00:00,00:00:00,00:00:00,00:00:00,00:00:00,00:00:00,00:00:00,00:00:00,00:00:00,00:45:32,00:01:03,00:00:00,00:00:00,00:00:00,00:11:26,00:00:00,00:00:00,00:02:48,00:00:00,00:00:00,00:00:00,00:00:54,00:00:00,00:00:00,00:00:00,00:13:43,00:00:00
2023-01-31,00:00:00,00:00:00,00:13:08,00:00:00,02:56:53,00:03:27,00:00:39,00:17:05,00:03:10,00:00:38,00:00:00,00:00:00,00:00:00,00:00:00,00:02:11,00:00:05,00:01:16,00:00:24,00:04:41,00:00:00,00:15:46,00:00:00,00:00:00,00:00:00,00:00:00,00:51:08,00:00:00,00:00:00,00:00:02,00:00:00,00:10:51,00:00:00,00:00:00,00:04:12,00:00:00,00:00:00,00:00:00,00:01:16,00:00:00,00:00:00,00:00:00,00:11:47,00:00:00
2023-02-01,00:00:00,00:02:02,00:01:23,00:00:00,00:34:27,00:00:00,00:00:00,00:00:00,00:00:30,00:06:52,00:02:03,00:00:00,00:00:00,00:00:00,00:00:33,00:00:00,00:00:00,00:00:00,00:01:35,00:00:00,00:00:28,00:00:00,00:00:00,00:00:13,00:00:00,00:40:35,00:00:00,00:00:00,00:00:00,00:00:00,00:12:06,00:00:00,00:52:05,00:00:00,00:00:00,00:00:00,00:00:00,00:00:37,00:00:00,00:00:00,00:00:00,00:11:26,00:00:00
2023-02-02,00:00:00,00:00:00,00:03:53,00:00:00,01:40:50,00:01:28,00:00:00,00:00:57,00:00:00,00:00:39,00:00:03,00:00:00,00:00:00,00:00:00,00:00:00,00:00:00,00:00:00,00:00:00,00:18:58,00:00:00,00:00:00,00:01:04,00:00:00,00:00:59,00:00:00,00:43:48,00:01:54,00:00:00,00:00:00,00:00:00,00:04:37,00:00:00,01:07:02,00:00:00,00:00:00,00:00:00,00:06:04,00:01:09,00:00:00,00:00:00,00:00:00,00:12:28,00:00:00
2023-02-03,00:00:00,00:02:07,00:21:50,00:00:00,00:56:45,00:01:32,00:01:43,00:00:00,00:00:39,00:10:30,00:00:00,00:00:00,00:00:00,00:00:00,00:00:26,00:00:14,00:00:41,00:00:00,00:01:07,00:00:00,00:01:13,00:00:00,00:00:00,00:00:00,00:00:00,00:09:56,00:01:39,00:00:00,00:00:00,00:00:00,00:04:46,00:00:00,01:17:09,00:00:14,00:00:00,00:00:00,00:18:38,00:01:18,00:00:00,00:00:00,00:00:00,00:13:50,00:00:00
2023-02-04,00:00:00,00:00:00,00:02:21,00:00:00,00:42:29,00:01:40,00:01:05,00:00:00,00:00:00,00:00:30,00:00:00,00:00:00,00:00:00,00:00:00,00:00:21,00:00:09,00:00:00,00:01:10,00:04:36,00:00:00,00:00:57,00:04:23,00:00:00,00:00:00,00:02:42,00:11:17,00:04:22,00:00:13,00:22:54,00:00:00,00:08:23,00:00:00,00:00:00,00:00:00,00:00:00,00:00:00,00:00:10,00:01:12,00:00:00,00:00:00,00:00:00,00:17:16,00:00:00
2023-02-05,00:00:00,00:00:00,00:01:22,00:00:00,01:02:46,00:01:55,00:00:06,00:00:03,00:00:00,00:00:02,00:00:00,00:00:00,00:00:00,00:00:00,00:01:41,00:00:00,00:00:00,00:00:05,00:01:26,00:04:21,00:00:00,00:06:16,00:00:00,00:00:00,00:00:00,00:00:00,00:00:00,00:00:00,00:41:17,00:00:00,00:00:00,00:00:00,00:00:00,00:00:00,00:00:00,00:00:00,00:15:10,00:00:45,00:00:00,00:00:00,00:00:00,00:13:17,00:00:00
2023-02-06,00:00:00,00:00:00,00:01:34,00:00:00,02:09:47,00:00:52,00:00:00,00:00:00,00:00:00,00:00:00,00:00:00,00:00:01,00:00:00,00:00:00,00:02:14,00:00:00,00:00:00,00:00:00,00:00:00,00:00:00,00:00:00,00:00:00,00:00:00,00:00:00,00:00:00,00:00:00,00:01:47,00:00:00,00:00:00,00:00:00,00:00:00,00:00:00,00:00:00,00:00:00,00:00:00,00:00:00,00:00:00,00:00:28,00:00:00,00:00:00,00:00:00,00:01:16,00:00:00
2023-02-07,00:00:00,00:00:00,00:00:00,00:00:00,00:35:36,00:00:00,00:00:00,00:07:13,00:00:00,00:00:31,00:00:00,00:00:00,00:00:00,00:00:00,00:00:00,00:00:00,00:00:00,00:00:07,00:00:00,00:00:00,00:03:00,00:00:00,00:00:00,00:00:00,00:00:00,00:00:00,00:02:33,00:00:00,00:00:00,00:00:00,00:13:27,00:00:00,00:00:00,00:00:40,00:00:00,00:00:00,00:17:58,00:00:35,00:00:00,00:00:00,00:00:00,00:12:56,00:00:00
2023-02-08,00:00:00,00:00:00,00:00:52,00:00:00,01:39:00,00:00:00,00:00:00,00:00:00,00:00:00,00:10:20,00:00:00,00:00:00,00:00:00,00:00:00,00:00:00,00:00:00,00:00:00,00:00:00,00:07:44,00:00:00,00:00:00,00:00:00,00:00:00,00:00:00,00:00:00,00:00:00,00:00:00,00:00:00,00:00:00,00:00:00,00:05:25,00:00:00,00:00:00,00:00:00,00:00:00,00:00:00,00:10:59,00:00:19,00:00:00,00:00:00,00:00:00,00:05:28,00:00:00
2023-02-09,00:00:00,00:00:00,00:00:00,00:00:00,02:25:07,00:00:00,00:00:00,00:00:00,00:00:00,00:05:53,00:00:00,00:00:00,00:00:12,00:00:00,00:00:00,00:00:00,00:00:00,00:00:00,00:00:00,00:00:00,00:00:23,00:00:00,00:00:00,00:27:37,00:00:00,00:00:00,00:00:00,00:00:13,00:00:00,00:00:00,00:04:35,00:00:00,00:00:00,00:00:22,00:00:00,00:00:00,00:00:00,00:00:32,00:00:00,00:00:00,00:00:00,00:18:47,00:00:00
2023-02-10,00:00:00,00:05:10,00:01:05,00:00:00,01:02:21,00:00:32,00:00:55,00:00:00,00:00:41,00:10:22,00:00:00,00:00:00,00:00:00,00:00:00,00:00:00,00:00:00,00:00:00,00:00:00,00:00:00,00:00:00,00:00:55,00:00:00,00:00:00,00:00:00,00:00:00,00:00:00,00:02:38,00:00:12,00:00:00,00:00:00,00:03:57,00:00:00,00:00:00,00:00:00,00:00:00,00:00:00,00:00:00,00:00:32,00:00:00,00:00:00,00:00:00,00:08:40,00:00:00
2023-02-11,00:00:00,00:00:00,00:00:00,00:00:00,01:40:32,00:11:31,00:00:36,00:00:00,00:00:00,00:17:47,00:00:00,00:00:00,00:00:00,00:00:00,00:00:00,00:00:00,00:00:00,00:00:31,00:00:00,00:00:00,00:01:38,00:00:00,00:00:00,00:00:41,00:00:00,00:00:00,00:00:00,00:00:00,00:00:00,00:00:00,00:07:33,00:00:00,00:00:00,00:00:00,00:00:00,00:00:00,00:00:00,00:00:27,00:00:00,00:00:00,00:00:00,00:10:59,00:00:00
2023-02-12,00:00:00,00:04:50,00:00:00,00:00:00,03:32:59,00:00:00,00:00:00,00:00:00,00:00:00,00:20:40,00:00:00,00:00:00,00:00:00,00:00:00,00:00:00,00:00:00,00:00:00,00:00:00,00:00:00,00:00:00,00:00:00,00:00:00,00:00:00,00:02:15,00:00:00,00:22:20,00:01:33,00:00:00,00:00:00,00:00:00,00:07:06,00:00:00,00:00:00,00:00:41,00:00:00,00:00:00,00:00:00,00:00:31,00:00:00,00:00:00,00:00:00,00:10:50,00:00:00
2023-02-13,00:00:00,00:00:00,00:00:00,00:00:00,00:05:58,00:05:21,00:00:00,00:03:54,00:00:00,00:28:47,00:00:00,00:00:06,00:00:00,00:00:00,00:11:16,00:00:00,00:00:00,00:00:00,00:00:00,00:00:00,00:00:00,00:00:00,00:00:00,00:00:00,00:22:56,01:28:01,00:00:02,00:00:30,00:03:59,00:00:00,00:00:00,00:00:00,00:00:00,00:01:07,00:00:00,00:00:00,00:02:27,00:02:26,00:00:00,00:00:00,00:00:00,00:14:04,00:00:00
2023-02-14,00:00:00,00:00:00,00:00:00,00:00:00,01:56:29,00:01:23,00:00:00,00:00:00,00:00:53,00:00:14,00:00:16,00:00:00,00:00:00,00:00:00,00:03:02,00:00:00,00:00:00,00:00:37,00:00:00,00:00:00,00:00:44,00:00:00,00:00:00,00:00:00,00:00:00,02:24:52,00:01:48,00:00:00,00:02:11,00:00:00,00:00:00,00:00:00,00:00:00,00:01:06,00:00:37,00:00:00,00:00:00,00:00:57,00:00:00,00:00:00,00:00:00,00:17:25,00:00:00
2023-02-15,00:00:00,00:08:44,00:13:48,00:00:00,01:15:19,00:02:27,00:02:10,00:00:00,00:08:00,00:03:38,00:00:00,00:00:00,00:00:00,00:00:00,00:10:01,00:00:00,00:00:00,00:00:00,00:04:05,00:00:00,00:01:03,00:00:00,00:00:00,00:00:35,00:04:59,00:43:25,00:08:41,00:00:00,00:00:00,00:00:00,00:13:12,00:00:00,00:00:00,00:00:00,00:00:00,00:00:00,00:00:00,00:01:11,00:00:00,00:00:00,00:00:00,00:15:51,00:00:00
2023-02-16,00:00:00,00:00:00,00:03:26,00:00:00,02:59:01,00:01:02,00:00:00,00:00:00,00:00:00,00:00:45,00:00:00,00:00:00,00:00:00,00:00:00,00:14:20,00:00:00,00:00:00,00:00:00,00:01:16,00:00:00,00:00:00,00:00:00,00:00:00,00:01:17,00:00:00,00:17:05,00:00:00,00:00:46,00:00:00,00:00:00,00:06:52,00:00:00,00:00:00,00:16:57,00:00:01,00:18:04,00:29:42,00:01:12,00:00:00,00:00:00,00:00:00,00:23:27,00:00:00
2023-02-17,00:00:00,00:00:00,00:00:00,00:00:00,02:11:49,00:01:10,00:00:00,00:00:00,00:00:00,00:01:39,00:00:04,00:00:00,00:00:00,00:00:00,01:02:56,00:00:00,00:00:00,00:00:00,00:02:29,00:00:00,00:00:56,00:00:00,00:00:00,00:00:00,00:00:00,01:00:13,00:03:05,00:00:35,00:00:00,00:00:00,00:05:36,00:00:00,00:00:00,00:01:10,00:00:00,00:00:00,00:12:58,00:00:53,00:00:00,00:00:00,00:00:00,00:37:31,00:00:00
2023-02-18,00:00:00,00:00:00,00:03:52,00:00:00,02:10:23,00:07:02,00:02:21,00:00:00,00:00:00,00:18:57,00:00:00,00:00:00,00:00:00,00:00:00,00:00:00,00:00:00,00:00:00,00:09:38,00:08:59,00:00:00,00:01:03,00:00:00,00:00:00,00:00:00,00:01:31,00:51:51,00:00:00,00:00:20,00:00:00,00:00:00,00:09:32,00:00:00,00:00:00,00:01:13,00:00:00,00:00:00,00:00:00,00:01:12,00:00:00,00:00:00,00:00:00,00:07:16,00:00:00
2023-02-19,00:00:00,00:00:00,00:02:06,00:00:00,02:15:48,00:06:03,00:05:52,00:00:00,00:00:00,00:02:32,00:00:00,00:00:00,00:00:00,00:00:00,00:08:49,00:00:00,00:00:00,00:00:00,00:00:00,00:00:00,00:01:03,00:00:00,00:00:00,00:00:00,00:00:27,00:52:14,00:00:00,00:00:00,00:00:00,00:00:00,00:00:00,00:00:00,00:00:00,00:00:25,00:00:00,00:00:00,00:00:00,00:00:50,00:00:00,00:00:00,00:00:00,00:03:19,00:00:00
2023-02-20,00:00:00,00:00:00,00:00:11,00:00:00,01:06:36,00:00:05,00:09:31,00:01:06,00:05:37,00:01:09,00:00:34,00:00:00,00:00:00,00:00:00,00:15:14,00:00:00,00:00:00,00:00:09,00:04:30,00:00:00,00:01:06,00:00:07,00:00:00,00:00:00,00:03:23,00:35:40,00:00:00,00:00:08,00:00:00,00:00:00,00:00:59,00:00:00,00:00:00,00:00:14,00:00:00,00:00:00,00:07:42,00:01:17,00:00:00,00:00:00,00:00:00,00:10:12,00:00:00
2023-02-21,00:00:00,00:17:07,00:10:33,00:00:00,00:59:25,00:03:03,00:00:00,00:00:11,00:00:00,00:08:06,00:00:15,00:00:01,00:00:00,00:00:00,00:17:34,00:00:00,00:00:19,00:08:30,00:00:27,00:00:00,00:01:04,00:00:00,00:00:04,00:02:18,00:05:04,00:21:28,00:00:00,00:05:45,00:25:01,00:00:00,00:17:09,00:00:00,00:11:58,00:00:13,00:00:00,00:00:00,00:00:00,00:04:12,00:00:00,00:01:50,00:00:00,00:15:21,00:24:02
2023-02-22,00:00:00,00:00:22,00:02:26,00:00:00,01:46:49,00:00:00,00:00:29,00:00:00,00:00:00,00:00:43,00:00:00,00:00:00,00:00:00,00:00:00,00:25:20,00:00:00,00:00:00,00:00:00,00:00:00,00:00:00,00:00:00,00:00:00,00:00:00,00:00:00,00:00:00,00:09:37,00:00:05,00:00:00,00:00:00,00:00:00,00:04:30,00:00:00,02:48:48,00:00:00,00:00:00,00:00:00,00:33:43,00:00:51,00:00:00,00:00:00,00:00:00,00:09:29,00:00:00
2023-02-23,00:00:00,00:00:00,00:00:00,00:00:00,06:02:06,00:00:00,00:00:13,00:00:12,00:00:00,00:02:13,00:00:00,00:00:00,00:00:00,00:00:00,00:18:58,00:00:00,00:00:00,00:00:00,00:00:00,00:00:00,00:00:00,00:00:00,00:00:00,00:00:00,00:00:00,00:20:47,00:00:00,00:00:00,00:04:02,00:00:00,00:09:31,00:00:00,02:16:14,00:00:00,00:00:00,00:00:00,00:23:14,00:00:46,00:00:00,00:00:00,00:00:00,00:20:12,00:00:00
2023-02-24,00:00:00,00:00:25,00:01:26,00:00:00,00:48:48,00:01:14,00:01:27,00:00:00,00:00:00,00:02:02,00:00:00,00:00:00,00:00:00,00:00:00,00:01:04,00:00:00,00:00:00,00:00:35,00:00:09,00:00:00,00:00:00,00:00:00,00:00:00,00:00:00,00:00:00,02:02:14,00:00:00,00:00:00,00:00:00,00:00:00,00:05:07,00:00:00,01:59:58,00:00:36,00:00:00,00:00:00,00:15:15,00:00:53,00:00:00,00:00:00,00:00:00,00:05:03,00:00:00
2023-02-25,00:00:00,00:00:00,00:00:00,00:00:00,01:18:27,00:00:08,00:00:03,00:00:00,00:01:24,00:08:49,00:00:04,00:00:00,00:00:01,00:00:00,00:05:21,00:00:00,00:00:00,00:00:00,00:02:04,00:00:00,00:00:00,00:00:00,00:00:00,00:00:00,00:00:00,01:34:51,00:00:00,00:01:07,00:00:00,00:00:00,00:05:30,00:00:00,00:45:30,00:00:15,00:00:00,00:00:00,00:00:00,00:00:45,00:00:00,00:00:00,00:00:00,00:03:41,00:00:00
2023-02-26,00:00:00,00:00:00,00:03:03,00:00:00,00:57:04,00:00:00,00:00:52,00:00:00,00:00:00,00:03:53,00:00:00,00:00:00,00:00:00,00:00:00,00:09:42,00:00:00,00:00:00,00:00:00,00:00:32,00:00:00,00:00:00,00:00:00,00:00:00,00:00:00,00:00:00,00:55:29,00:00:00,00:00:00,00:00:00,00:00:00,00:00:00,00:00:00,01:02:21,00:00:00,00:00:00,00:00:00,00:00:00,00:00:44,00:00:00,00:00:00,00:00:00,00:03:14,00:00:00
2023-02-27,00:00:00,00:00:33,00:00:00,00:00:00,02:11:24,00:00:50,00:00:00,00:09:31,00:00:00,00:06:29,00:00:00,00:00:00,00:00:00,00:00:00,00:28:37,00:00:00,00:00:00,00:00:19,00:01:13,00:00:00,00:00:00,00:00:00,00:00:00,00:00:00,00:00:00,02:49:37,00:00:00,00:07:06,00:01:08,00:00:00,00:01:08,00:00:00,01:28:27,00:00:29,00:00:00,00:00:00,00:00:00,00:01:03,00:00:00,00:00:00,00:00:00,00:05:42,00:00:00
2023-02-28,00:00:00,00:00:00,00:21:10,00:00:00,02:23:43,00:03:32,00:00:08,00:00:00,00:02:15,00:01:33,00:01:04,00:00:08,00:00:01,00:00:00,00:00:00,00:00:15,00:00:00,00:00:00,00:00:17,00:00:00,00:00:00,00:00:00,00:00:00,00:00:00,00:00:00,03:09:18,00:01:43,00:00:34,00:00:00,00:00:00,00:21:53,00:00:00,00:18:10,00:01:11,00:00:00,00:00:00,00:00:00,00:01:49,00:00:00,00:00:01,00:00:00,00:10:30,00:00:00
2023-03-01,00:00:00,00:00:41,00:00:00,00:00:00,01:39:45,00:03:09,00:00:24,00:12:51,00:00:00,00:00:46,00:00:01,00:00:02,00:00:00,00:00:00,00:23:01,00:00:00,00:00:00,00:00:00,00:00:26,00:00:00,00:00:00,00:00:00,00:00:00,00:00:00,00:02:19,01:17:36,00:00:00,00:00:26,00:00:00,00:00:00,00:18:51,00:00:00,01:04:22,00:00:13,00:00:00,00:00:00,00:15:33,00:01:59,00:00:00,00:00:00,00:00:00,00:20:26,00:00:00
2023-03-02,00:00:00,00:00:00,00:03:42,00:00:00,01:12:54,00:09:17,00:00:13,00:00:00,00:00:00,00:06:53,00:00:00,00:00:01,00:00:00,00:00:00,00:39:54,00:00:00,00:00:00,00:00:00,00:03:26,00:00:00,00:00:00,00:00:00,00:00:00,00:00:00,00:00:00,03:36:22,00:00:00,00:00:56,00:00:00,00:00:00,00:05:37,00:00:00,00:29:19,00:02:15,00:00:00,00:00:00,00:00:00,00:01:59,00:00:00,00:00:00,00:00:00,00:06:47,00:00:00
2023-03-03,00:00:00,00:00:00,00:00:00,00:00:00,03:46:54,00:02:58,00:00:00,00:00:10,00:00:00,00:00:25,00:00:00,00:00:00,00:00:00,00:00:00,00:08:23,00:00:00,00:00:00,00:00:00,00:00:17,00:00:00,00:00:00,00:00:00,00:00:00,00:00:00,00:01:40,01:45:34,00:00:00,00:00:07,00:00:00,00:00:00,00:12:28,00:00:00,00:00:54,00:00:00,00:00:00,00:00:00,00:00:00,00:00:48,00:00:00,00:00:00,00:00:00,00:10:21,00:00:00
2023-03-04,00:00:00,00:00:00,00:01:02,00:00:00,01:15:09,00:02:37,00:00:00,00:00:10,00:00:00,00:00:36,00:00:00,00:00:00,00:00:00,00:00:00,00:00:00,00:00:00,00:00:00,00:00:00,00:00:00,00:00:00,00:00:00,00:00:00,00:00:00,00:00:21,00:00:00,01:26:58,00:00:00,00:00:12,00:00:00,00:00:00,00:02:51,00:00:00,00:12:31,00:00:27,00:00:00,00:20:46,00:00:00,00:00:54,00:00:00,00:00:00,00:00:00,00:07:22,00:00:00
2023-03-05,00:00:00,00:00:00,00:04:47,00:00:00,00:58:39,00:04:58,00:00:00,00:00:00,00:00:00,00:03:12,00:00:00,00:00:00,00:00:00,00:00:00,00:14:08,00:00:00,00:00:00,00:02:56,00:02:14,00:00:00,00:00:00,00:00:00,00:00:00,00:00:00,00:00:00,00:15:40,00:01:39,00:00:31,00:00:00,00:00:00,00:00:00,00:00:00,00:00:00,00:00:00,00:00:00,00:21:01,00:00:00,00:00:53,00:00:00,00:00:15,00:00:00,00:06:42,00:00:00
2023-03-06,00:00:00,00:00:00,00:04:56,00:00:00,01:57:11,00:00:41,00:01:36,00:00:00,00:00:00,00:02:19,00:00:00,00:00:00,00:00:00,00:00:00,00:01:54,00:00:00,00:00:00,00:00:00,00:05:24,00:00:00,00:00:00,00:00:00,00:00:00,00:00:04,00:01:08,00:11:27,00:00:00,00:01:35,00:00:00,00:00:00,00:00:31,00:00:00,01:30:14,00:00:00,00:00:08,00:16:29,00:00:00,00:01:23,00:00:00,00:00:00,00:00:00,00:09:36,00:00:00
2023-03-07,00:00:00,00:00:00,00:00:00,00:00:00,00:41:35,00:03:02,00:00:36,00:09:42,00:00:00,00:01:02,00:00:00,00:00:00,00:00:00,00:00:00,00:14:17,00:00:03,00:00:00,00:00:47,00:00:00,00:00:00,00:00:00,00:00:00,00:00:00,00:00:00,00:00:00,00:28:09,00:00:00,00:00:42,00:00:00,00:00:00,00:09:57,00:00:00,00:37:28,00:00:00,00:00:00,00:28:26,00:03:25,00:01:41,00:00:00,00:00:00,00:00:00,00:10:21,00:00:00
2023-03-08,00:00:00,00:00:00,00:12:27,00:00:00,02:17:47,00:00:00,00:00:20,00:00:00,00:00:44,00:00:17,00:00:00,00:00:00,00:00:00,00:00:00,00:16:12,00:00:00,00:00:00,00:02:06,00:02:24,00:00:00,00:01:20,00:00:00,00:00:00,00:00:00,00:00:00,00:48:43,00:01:51,00:00:00,00:00:00,00:00:00,00:08:26,00:00:00,01:27:17,00:01:04,00:05:13,00:11:29,00:00:00,00:00:58,00:00:00,00:00:00,00:00:00,00:05:30,00:00:00
2023-03-09,00:00:00,00:00:00,00:00:00,00:00:00,00:48:35,00:00:00,00:00:12,00:00:00,00:00:00,00:02:53,00:00:00,00:00:00,00:00:00,00:00:00,00:36:32,00:00:00,00:00:00,00:01:41,00:00:00,00:00:00,00:05:36,00:00:00,00:00:00,00:00:00,00:00:00,00:14:39,00:00:00,00:00:08,00:00:00,00:00:00,00:01:58,00:00:00,01:27:22,00:00:47,00:00:00,00:09:30,00:03:44,00:02:30,00:00:00,00:00:00,00:00:00,00:15:01,00:00:00
2023-03-10,00:00:00,00:00:00,00:00:55,00:00:00,02:46:08,00:01:12,00:00:00,00:00:00,00:00:00,00:00:13,00:00:02,00:00:03,00:00:00,00:00:00,00:30:04,00:00:00,00:00:00,00:00:00,00:01:11,00:00:00,00:00:29,00:00:00,00:00:00,00:00:00,00:00:34,00:28:30,00:00:00,00:00:08,00:00:00,00:00:00,00:18:39,00:00:00,00:55:03,00:02:09,00:00:00,01:16:19,00:23:29,00:02:20,00:00:00,00:00:00,00:00:00,00:13:36,00:00:00
2023-03-11,00:00:00,00:00:00,00:02:10,00:00:00,03:18:24,00:01:57,00:00:00,00:00:00,00:00:00,00:08:37,00:00:04,00:00:00,00:00:00,00:00:00,00:22:50,00:00:11,00:00:41,00:02:04,00:04:13,00:05:18,00:01:56,00:00:00,00:00:03,00:00:00,00:00:27,00:21:56,00:00:00,00:08:56,00:00:00,00:00:00,00:03:30,00:00:00,01:07:22,00:00:12,00:00:00,00:43:52,00:04:21,00:02:01,00:00:00,00:00:00,00:00:00,00:16:25,00:00:00
2023-03-12,00:00:36,00:00:00,00:00:00,00:00:00,00:33:36,00:00:16,00:00:06,00:00:21,00:00:00,00:00:38,00:00:00,00:00:04,00:00:00,00:00:00,00:21:33,00:00:00,00:00:10,00:00:00,00:00:00,00:00:00,00:00:18,00:00:00,00:00:00,00:00:00,00:03:18,00:11:47,00:00:00,00:00:00,00:02:45,00:00:00,00:00:00,00:00:00,00:47:41,00:01:23,00:00:00,00:07:23,00:25:13,00:01:18,00:00:00,00:00:00,00:00:00,00:10:25,00:00:00
2023-03-13,00:00:00,00:00:38,00:00:00,00:00:00,00:44:23,00:00:33,00:00:00,00:00:02,00:00:00,00:00:00,00:00:47,00:00:00,00:00:00,00:00:00,00:06:05,00:00:00,00:00:00,00:01:29,00:00:00,00:00:00,00:00:00,00:00:00,00:00:00,00:00:00,00:01:33,00:21:22,00:00:00,00:00:00,00:12:54,00:00:00,00:00:00,00:00:00,00:13:58,00:00:18,00:00:05,00:06:02,00:20:03,00:00:56,00:00:00,00:00:43,00:00:00,00:07:19,00:00:00
2023-03-14,00:00:00,00:00:00,00:00:00,00:00:00,02:04:18,00:03:23,00:00:57,00:00:00,00:00:00,00:00:23,00:00:00,00:00:02,00:00:00,00:00:00,00:06:32,00:00:00,00:00:00,00:00:00,00:09:04,00:00:00,00:00:38,00:00:00,00:00:00,00:01:13,00:00:00,00:21:35,00:00:00,00:10:03,00:02:55,00:00:00,00:00:00,00:00:00,01:22:55,00:03:13,00:00:07,00:40:45,00:01:11,00:01:28,00:00:00,00:00:00,00:00:00,00:12:10,00:00:00
2023-03-15,00:00:00,00:00:07,00:11:07,00:00:00,01:49:21,00:04:53,00:00:00,00:00:00,00:00:23,00:14:20,00:00:00,00:00:13,00:00:00,00:00:00,00:00:00,00:00:00,00:00:00,00:00:00,00:01:14,00:00:00,00:00:57,00:00:00,00:00:00,00:00:00,00:04:03,00:34:59,00:00:00,00:11:38,00:01:25,00:00:00,00:05:14,00:00:00,00:14:38,00:00:21,00:00:00,00:31:32,00:00:00,00:01:23,00:00:00,00:00:00,00:00:00,00:10:30,00:00:00
2023-03-16,00:00:00,00:00:20,00:00:00,00:00:00,02:26:08,00:00:06,00:00:00,00:00:00,00:00:00,00:09:55,00:00:00,00:00:12,00:00:00,00:00:00,00:12:47,00:00:00,00:00:00,00:00:49,00:00:00,00:00:00,00:00:00,00:00:00,00:00:00,00:00:00,00:00:00,00:13:12,00:00:00,00:01:45,00:04:30,00:00:00,00:04:15,00:00:00,00:19:23,00:00:00,00:00:00,00:20:15,00:00:00,00:00:54,00:00:00,00:00:00,00:00:00,00:07:21,00:00:00
2023-03-17,00:00:00,00:00:50,00:01:07,00:00:00,01:14:35,00:00:45,00:00:00,00:00:00,00:00:00,00:04:56,00:00:00,00:00:00,00:00:00,00:00:00,00:00:00,00:00:00,00:00:00,00:00:00,00:00:00,00:00:00,00:06:35,00:00:00,00:00:00,00:00:00,00:00:00,00:20:09,00:00:00,00:00:00,00:00:00,00:00:00,00:18:25,00:00:00,00:17:01,00:00:26,00:00:00,00:30:48,00:00:00,00:00:53,00:00:00,00:00:00,00:00:00,00:06:58,00:00:00
2023-03-18,00:00:00,00:00:09,00:00:00,00:00:00,01:36:28,00:00:00,00:00:07,00:00:00,00:00:00,00:04:40,00:00:00,00:00:08,00:00:00,00:00:00,00:06:24,00:00:00,00:00:00,00:00:00,00:00:00,00:00:00,00:01:11,00:00:00,00:00:00,00:00:00,00:00:00,00:06:11,00:00:03,00:01:53,00:00:53,00:00:00,00:05:01,00:00:00,02:12:13,00:00:00,00:00:00,00:06:57,00:00:00,00:01:04,00:00:00,00:00:00,00:00:00,00:08:22,00:00:00
2023-03-19,00:00:00,00:01:54,00:00:00,00:00:00,00:37:35,00:00:03,00:00:20,00:00:00,00:00:00,00:00:00,00:00:00,00:00:00,00:00:00,00:00:00,00:03:04,00:00:00,00:00:00,00:00:00,00:00:00,00:00:00,00:01:23,00:00:00,00:00:00,00:00:00,00:00:00,00:20:32,00:00:00,00:00:00,00:10:00,00:00:00,00:10:30,00:00:00,00:41:16,00:00:00,00:00:00,00:07:31,00:00:00,00:00:55,00:00:00,00:00:00,00:00:00,00:05:59,00:00:00
2023-03-20,00:00:00,00:00:19,00:00:00,00:00:00,02:25:07,00:00:00,00:00:00,00:00:13,00:00:00,00:00:09,00:00:00,00:00:04,00:00:00,00:00:00,00:03:36,00:00:00,00:00:00,00:01:37,00:00:00,00:00:00,00:00:21,00:00:00,00:00:00,00:00:00,00:00:00,00:30:35,00:00:00,00:00:00,00:02:30,00:00:00,00:00:30,00:00:00,01:10:57,00:00:00,00:00:00,00:14:23,00:02:50,00:01:15,00:00:00,00:00:00,00:00:00,00:08:49,00:00:00
2023-03-21,00:00:00,00:00:00,00:03:14,00:00:00,01:21:23,00:01:29,00:00:03,00:00:00,00:00:00,00:01:07,00:00:00,00:00:45,00:00:00,00:00:00,00:24:42,00:00:00,00:00:00,00:00:00,00:00:00,00:00:00,00:00:28,00:00:00,00:00:00,00:00:00,00:00:00,00:18:29,00:00:00,00:01:24,00:02:50,00:00:00,00:21:44,00:00:00,00:00:00,00:00:00,00:00:00,00:17:28,00:00:44,00:01:18,00:00:00,00:00:00,00:00:00,00:15:10,00:00:00
2023-03-22,00:00:00,00:00:00,00:00:00,00:00:00,02:58:27,00:01:30,00:00:00,00:00:00,00:00:00,00:02:11,00:00:00,00:00:08,00:00:00,00:00:00,01:29:13,00:00:00,00:00:00,00:00:00,00:00:00,00:01:09,00:00:40,00:00:00,00:00:00,00:01:38,00:00:00,00:35:36,00:00:00,00:02:19,00:00:40,00:00:00,00:22:59,00:00:00,00:00:00,00:00:28,00:00:00,00:16:55,00:00:00,00:01:21,00:00:00,00:00:00,00:00:00,00:20:57,00:00:00
2023-03-23,00:00:00,00:00:00,00:00:00,00:00:00,01:08:47,00:03:40,00:01:08,00:00:00,00:00:00,00:36:59,00:00:00,00:00:07,00:00:00,00:00:00,00:30:23,00:00:00,00:00:00,00:00:45,00:00:00,00:00:00,00:02:01,00:00:00,00:00:00,00:00:00,00:00:00,00:35:31,00:00:00,00:01:01,00:02:56,00:00:00,00:13:10,00:00:00,00:00:00,00:02:13,00:00:00,00:21:11,00:00:00,00:01:09,00:00:00,00:00:00,00:00:00,00:14:30,00:00:00
2023-03-24,00:00:00,00:00:00,00:00:00,00:00:00,01:49:21,00:00:27,00:00:00,00:00:00,00:00:00,00:00:48,00:00:00,00:00:00,00:00:00,00:00:00,00:06:17,00:00:00,00:00:00,00:00:15,00:00:00,00:00:00,00:02:05,00:00:20,00:00:00,00:01:00,00:00:00,00:32:19,00:00:00,00:00:00,00:11:36,00:00:00,00:06:26,00:00:00,00:00:00,00:02:07,00:00:00,00:09:02,00:00:00,00:01:10,00:00:00,00:00:52,00:00:00,00:12:41,00:00:00
2023-03-25,00:00:00,00:00:00,00:01:02,00:00:00,01:12:06,00:08:44,00:00:07,00:00:00,00:00:00,00:03:05,00:00:00,00:00:19,00:00:00,00:00:00,00:01:04,00:00:00,00:00:00,00:00:00,00:03:45,00:00:00,00:00:47,00:00:00,00:00:00,00:00:52,00:00:00,01:07:27,00:01:34,00:00:26,00:12:00,00:00:00,00:02:45,00:00:00,00:00:00,00:01:38,00:00:00,00:16:47,00:08:14,00:02:07,00:00:00,00:00:00,00:00:00,00:26:47,00:00:00
2023-03-26,00:00:00,00:00:00,00:02:32,00:00:00,04:19:10,00:24:53,00:02:26,00:00:59,00:01:14,00:00:00,00:08:49,00:00:00,00:00:00,00:00:00,00:26:22,00:00:00,00:00:00,00:00:12,00:07:31,00:00:00,00:01:10,00:00:00,00:00:00,00:00:00,00:03:31,00:41:38,00:00:00,00:01:20,00:15:00,00:00:00,00:00:00,00:00:00,00:00:00,00:08:44,00:00:00,00:02:36,00:00:00,00:03:49,00:00:00,00:00:00,00:00:00,00:18:56,00:00:00
2023-03-27,00:00:00,00:00:00,00:00:00,00:00:00,03:15:13,00:04:13,00:00:13,00:00:00,00:00:00,00:00:00,00:01:27,00:00:00,00:00:00,00:00:00,00:11:39,00:00:00,00:00:18,00:00:00,00:00:27,00:00:00,00:00:00,00:00:00,00:00:00,00:00:00,00:00:00,01:23:57,00:00:00,00:00:08,00:00:00,00:00:00,00:06:51,00:00:00,00:00:00,00:00:00,00:00:00,00:01:40,00:00:00,00:00:56,00:00:00,00:00:00,00:00:00,00:07:04,00:00:00
2023-03-28,00:00:00,00:00:00,00:20:07,00:00:00,05:05:12,00:23:13,00:08:59,00:00:00,00:00:00,00:03:14,00:00:46,00:00:00,00:00:02,00:00:00,00:55:19,00:00:00,00:00:00,00:01:19,00:00:00,00:00:00,00:02:19,00:00:00,00:00:00,00:00:00,00:04:54,01:15:04,00:00:00,00:00:04,00:01:47,00:00:00,00:02:51,00:00:00,00:00:00,00:01:04,00:00:00,00:12:21,00:00:00,00:01:28,00:00:00,00:00:00,00:00:00,00:22:33,00:00:00
2023-03-29,00:00:00,00:00:00,00:00:00,00:00:00,02:01:24,00:07:45,00:00:00,00:33:50,00:00:00,00:01:48,00:00:00,00:00:00,00:00:00,00:00:00,01:38:38,00:00:03,00:00:00,00:06:44,00:00:00,00:00:00,00:00:00,00:00:00,00:00:00,00:00:00,00:00:00,00:47:15,00:00:00,00:00:00,00:00:35,00:00:00,00:22:16,00:00:00,00:00:00,00:01:20,00:00:01,00:00:00,00:10:57,00:01:19,00:00:00,00:01:37,00:00:00,00:21:36,00:00:00
2023-03-30,00:25:50,00:00:00,00:00:00,00:00:00,04:09:44,00:02:43,00:00:00,00:00:48,00:01:26,00:02:20,00:00:00,00:00:00,00:00:00,00:00:00,00:50:20,00:00:00,00:00:00,00:00:52,00:00:00,00:00:00,00:00:00,00:00:00,00:00:00,00:00:28,00:00:00,00:14:37,00:00:00,00:00:58,00:09:21,00:00:00,00:24:31,00:00:00,00:30:26,00:09:58,00:00:00,00:00:00,00:00:00,00:01:54,00:00:00,00:00:08,00:00:00,00:08:12,00:00:00
2023-03-31,00:00:00,00:00:12,00:00:00,00:00:00,03:38:14,00:15:07,00:00:00,00:00:00,00:01:49,00:11:49,00:00:00,00:00:00,00:00:00,00:00:00,01:17:45,00:00:24,00:00:00,00:01:13,00:09:53,00:00:00,00:00:00,00:00:00,00:00:00,00:00:00,00:00:00,00:05:13,00:01:13,00:00:00,00:04:47,00:00:00,00:02:26,00:00:00,00:39:42,00:01:15,00:00:00,00:00:00,00:00:00,00:01:17,00:00:00,00:01:02,00:00:00,00:04:13,00:00:00
2023-04-01,00:11:56,00:17:23,00:15:48,00:00:00,00:29:49,00:00:31,00:00:00,00:16:33,00:00:26,01:08:38,00:00:49,00:00:00,00:00:02,00:00:00,00:26:23,00:00:04,00:00:00,00:00:35,00:01:15,00:00:00,00:05:59,00:00:00,00:00:00,00:00:00,00:00:43,00:14:36,00:00:24,00:00:17,00:01:14,00:00:00,00:00:00,00:00:00,00:04:21,00:01:03,00:00:01,00:00:00,00:00:00,00:04:38,00:00:00,00:00:00,00:00:00,00:15:58,00:00:00
2023-04-02,00:00:00,00:00:00,00:00:00,00:00:00,01:48:44,00:04:29,00:00:59,00:06:01,00:00:00,00:00:00,00:00:00,00:00:00,00:00:00,00:00:00,00:00:00,00:00:00,00:00:00,00:14:02,00:00:00,00:00:00,00:05:42,00:00:00,00:00:00,00:00:00,00:00:00,01:47:07,00:00:00,00:00:00,00:00:00,00:00:00,00:00:00,00:00:00,00:12:09,00:00:00,00:00:05,00:00:00,00:00:00,00:01:19,00:00:00,00:00:00,00:00:00,00:16:37,00:00:00
2023-04-03,00:00:00,00:01:12,00:02:07,00:00:00,00:59:23,00:05:43,00:00:36,00:02:51,00:00:00,00:09:35,00:00:06,00:00:00,00:00:00,00:00:00,00:04:16,00:00:00,00:00:24,00:00:14,00:00:00,00:00:46,00:09:04,00:00:00,00:00:00,00:00:00,00:00:00,00:43:50,00:00:00,00:00:00,00:00:39,00:00:00,00:12:01,00:00:00,00:11:33,00:00:35,00:00:00,00:00:00,00:00:00,00:01:12,00:00:00,00:00:00,00:00:00,00:08:10,00:00:00
2023-04-04,00:08:49,00:07:38,00:03:52,00:00:00,00:13:44,00:00:38,00:00:00,00:00:00,00:00:00,00:01:04,00:00:09,00:00:00,00:00:00,00:00:00,00:58:47,00:00:00,00:01:18,00:01:38,00:00:00,00:00:00,00:05:56,00:00:00,00:00:07,00:03:57,00:00:00,01:44:08,00:01:02,00:00:44,00:01:54,00:00:00,00:20:54,00:00:00,00:34:20,00:06:55,00:00:41,00:00:00,00:00:00,00:03:53,00:00:00,00:00:00,00:00:00,00:31:36,00:00:15
2023-04-05,00:00:00,00:04:56,00:00:00,00:00:00,00:46:31,00:00:00,00:00:18,00:00:00,00:00:00,00:11:01,00:00:04,00:00:00,00:00:00,00:00:00,00:44:31,00:00:00,00:00:00,00:00:00,00:00:00,00:02:03,00:00:00,00:00:00,00:00:00,00:00:00,00:00:00,00:47:43,00:00:00,00:00:00,00:00:00,00:00:00,00:08:12,00:00:00,00:39:19,00:01:12,00:00:00,00:00:00,00:00:00,00:00:47,00:00:00,00:00:00,00:00:00,00:22:37,00:00:00
2023-04-06,00:00:00,00:03:24,00:04:10,00:00:00,01:26:19,00:05:36,00:00:00,00:00:00,00:00:00,00:16:59,00:00:00,00:00:00,00:00:00,00:00:00,00:19:43,00:00:00,00:00:00,00:00:47,00:00:00,00:00:00,00:04:32,00:00:00,00:00:00,00:00:00,00:00:00,00:15:33,00:00:00,00:00:00,00:01:30,00:00:00,00:04:27,00:00:00,00:22:49,00:00:41,00:00:00,00:00:00,00:00:00,00:00:39,00:00:00,00:00:00,00:00:00,00:07:09,00:00:00
2023-04-07,00:00:00,00:01:55,00:00:00,00:00:00,03:00:36,00:00:08,00:00:02,00:00:00,00:00:00,00:00:51,00:00:00,00:00:00,00:00:00,00:00:00,00:22:39,00:00:00,00:00:00,00:00:00,00:00:00,00:00:00,00:01:11,00:00:00,00:00:00,00:00:00,00:00:00,00:00:00,00:00:00,00:00:00,00:00:03,00:00:00,00:08:26,00:00:00,00:25:32,00:00:17,00:00:00,00:00:00,00:17:56,00:00:44,00:00:00,00:00:00,00:00:00,00:11:38,00:00:00
2023-04-08,00:00:00,00:00:00,00:00:20,00:00:00,02:29:16,00:00:00,00:00:00,00:00:00,00:01:01,00:00:30,00:00:00,00:00:00,00:00:00,00:00:00,01:15:21,00:00:00,00:00:00,00:00:00,00:03:31,00:00:00,00:00:00,00:00:00,00:00:00,00:00:00,00:00:00,00:00:00,00:00:00,00:01:16,00:04:53,00:00:00,00:01:57,00:00:00,00:00:00,00:00:00,00:00:00,00:00:00,00:00:00,00:00:45,00:00:00,00:00:00,00:00:00,00:10:59,00:00:00
2023-04-09,00:00:00,00:01:52,00:00:00,00:00:00,00:19:38,00:00:00,00:00:15,00:00:00,00:00:00,00:00:08,00:00:00,00:00:00,00:00:00,00:00:00,00:02:19,00:00:00,00:00:00,00:00:00,00:00:00,00:00:00,00:00:00,00:00:00,00:00:00,00:00:00,00:00:00,00:00:00,00:00:00,00:00:00,00:01:45,00:00:00,00:00:00,00:00:00,00:31:59,00:00:18,00:00:00,00:00:00,00:00:26,00:00:45,00:00:00,00:00:00,00:00:00,00:04:21,00:00:00
2023-04-10,00:00:00,00:02:44,00:05:30,00:00:00,00:10:46,00:02:35,00:00:00,00:00:00,00:00:00,00:00:00,00:00:00,00:00:00,00:00:00,00:00:00,00:01:13,00:00:00,00:00:00,00:00:00,00:03:09,00:00:00,00:00:31,00:00:00,00:00:00,00:00:00,00:00:00,00:00:00,00:00:00,00:00:00,00:01:02,00:00:00,00:00:00,00:00:00,00:21:05,00:00:00,00:00:00,00:00:00,00:02:31,00:00:34,00:00:00,00:00:00,00:00:00,00:04:03,00:00:00
2023-04-11,00:00:00,00:00:00,00:00:00,00:00:00,00:25:41,00:00:00,00:00:00,00:00:13,00:00:00,00:52:26,00:00:00,00:00:00,00:00:00,00:00:00,00:19:53,00:00:00,00:00:00,00:00:00,00:00:00,00:00:00,00:01:47,00:00:00,00:00:00,00:00:00,00:00:58,00:00:00,00:00:00,00:00:21,00:00:13,00:00:00,00:00:00,00:00:00,00:00:00,00:00:00,00:00:00,00:00:00,00:00:00,00:00:18,00:00:00,00:00:00,00:00:00,00:04:08,00:00:00
2023-04-12,00:00:00,00:00:00,00:11:52,00:00:00,01:41:17,00:00:00,00:00:00,00:00:00,00:00:00,00:16:18,00:00:00,00:00:00,00:00:00,00:00:00,00:21:58,00:00:00,00:00:00,00:00:00,00:00:00,00:00:00,00:00:54,00:00:00,00:00:00,00:01:03,00:00:15,00:00:00,00:00:00,00:00:00,00:01:13,00:00:00,00:05:25,00:00:00,00:20:31,00:00:32,00:00:00,00:00:00,00:13:09,00:01:03,00:00:00,00:00:00,00:00:00,00:12:10,00:00:00
2023-04-13,00:00:00,00:00:00,00:00:18,00:00:00,02:20:39,00:01:45,00:03:02,00:00:00,00:00:00,00:06:42,00:00:49,00:00:01,00:00:00,00:00:00,00:15:21,00:00:00,00:00:00,00:03:08,00:00:00,00:00:00,00:02:06,00:00:00,00:00:00,00:00:00,00:00:00,00:00:00,00:00:00,00:00:00,00:00:00,00:00:00,00:08:35,00:00:00,00:48:47,00:00:00,00:00:00,00:00:00,00:00:00,00:00:47,00:00:00,00:00:00,00:00:00,00:07:21,00:00:00
2023-04-14,00:00:00,00:02:09,00:00:00,00:00:00,01:32:00,00:00:00,00:00:00,00:00:00,00:00:00,00:03:41,00:00:06,00:00:00,00:00:00,00:00:00,01:19:53,00:00:54,00:00:00,00:02:00,00:00:00,00:00:00,00:00:32,00:00:00,00:00:00,00:00:00,00:00:00,00:00:00,00:00:00,00:00:00,00:07:52,00:00:00,00:04:22,00:00:00,00:46:18,00:01:48,00:00:00,00:00:00,00:00:00,00:01:26,00:00:00,00:00:15,00:00:00,00:15:32,00:00:00
2023-04-15,00:00:00,00:06:12,00:00:59,00:00:00,00:31:26,00:00:00,00:00:00,00:00:00,00:00:00,00:03:29,00:00:00,00:00:00,00:00:00,00:00:00,00:06:03,00:00:00,00:00:00,00:00:00,00:00:00,00:00:00,00:00:00,00:00:00,00:00:00,00:00:00,00:00:00,00:00:00,00:00:00,00:00:00,00:00:00,00:00:00,00:28:51,00:00:00,00:29:40,00:00:00,00:00:00,00:00:00,00:21:34,00:00:31,00:00:00,00:00:00,00:00:00,00:04:35,00:00:00
2023-04-16,00:00:00,00:04:08,00:00:00,00:00:00,00:41:46,00:00:35,00:00:00,00:00:00,00:00:00,00:00:26,00:00:00,00:00:00,00:00:00,00:00:00,00:00:57,00:00:00,00:00:00,00:00:00,00:13:48,00:00:00,00:00:00,00:00:00,00:00:00,00:01:11,00:00:00,00:00:00,00:00:00,00:00:00,00:00:29,00:00:00,00:00:00,00:00:00,00:09:35,00:01:31,00:00:00,00:00:00,00:00:00,00:00:33,00:00:00,00:00:00,00:00:00,00:01:49,00:00:00
2023-04-17,00:00:00,00:00:00,00:00:00,00:00:00,01:23:30,00:00:00,00:00:00,00:00:00,00:00:00,00:00:48,00:00:00,00:00:00,00:00:00,00:00:00,00:00:58,00:00:00,00:00:00,00:00:00,00:00:00,00:00:00,00:00:54,00:00:00,00:00:00,00:00:00,00:00:00,00:00:00,00:00:00,00:00:00,00:00:29,00:00:00,00:00:00,00:00:00,00:14:55,00:00:00,00:00:00,00:00:00,00:01:24,00:00:18,00:00:00,00:00:00,00:00:00,00:03:06,00:00:00
2023-04-18,00:00:00,00:00:00,00:15:30,00:00:00,04:11:08,00:00:00,00:00:00,00:00:00,00:00:28,00:06:40,00:00:00,00:00:00,00:00:00,00:00:00,00:14:11,00:00:00,00:00:00,00:00:00,00:00:47,00:00:00,00:00:40,00:00:00,00:00:00,00:01:39,00:00:00,00:00:00,00:00:46,00:00:27,00:00:46,00:00:00,00:06:29,00:00:00,00:10:16,00:00:13,00:00:00,00:00:00,00:00:00,00:01:17,00:00:00,00:00:00,00:00:00,00:01:55,00:00:00
2023-04-19,00:00:00,00:00:00,00:00:00,00:00:00,01:07:53,00:04:31,00:00:00,00:00:00,00:00:00,00:00:39,00:00:00,00:00:00,00:00:00,00:00:00,01:15:32,00:00:00,00:00:00,00:00:12,00:00:00,00:00:00,00:00:00,00:00:00,00:00:00,00:00:13,00:00:00,00:00:00,00:00:00,00:00:00,00:03:34,00:00:00,00:03:10,00:00:00,01:10:29,00:00:25,00:00:00,00:00:00,00:00:00,00:00:42,00:00:00,00:01:26,00:00:00,00:05:42,00:00:00
2023-04-20,00:00:00,00:00:00,00:03:00,00:00:00,00:04:53,00:00:00,00:01:15,00:02:29,00:00:00,00:21:03,00:00:00,00:00:00,00:00:00,00:00:00,00:20:40,00:00:00,00:00:32,00:00:00,00:05:00,00:00:00,00:00:21,00:21:42,00:00:00,00:01:38,00:00:00,00:00:00,00:00:00,00:01:34,00:03:53,00:00:00,00:06:19,00:00:00,00:27:57,00:01:05,00:00:01,00:00:00,00:16:01,00:01:38,00:00:00,00:00:00,00:00:00,00:14:04,00:00:00
2023-04-21,00:00:00,00:00:00,00:02:38,00:00:00,01:45:15,00:00:00,00:00:08,00:00:42,00:00:00,00:22:24,00:00:00,00:00:00,00:00:00,00:00:00,00:21:32,00:00:00,00:00:07,00:01:24,00:00:00,00:00:00,00:00:00,00:05:55,00:00:00,00:00:00,00:00:00,00:00:00,00:00:00,00:00:00,00:01:23,00:00:00,00:05:18,00:00:00,01:23:57,00:00:35,00:00:00,00:00:00,00:48:56,00:01:17,00:00:00,00:00:00,00:00:00,00:07:51,00:00:00
2023-04-22,00:00:00,00:00:00,00:00:00,00:00:00,00:16:46,00:00:00,00:00:00,00:00:00,00:00:00,00:03:48,00:00:01,00:00:00,00:00:00,00:00:00,00:23:57,00:00:00,00:00:00,00:00:00,00:00:00,00:00:00,00:00:00,00:00:00,00:00:00,00:00:00,00:00:00,00:00:00,00:00:00,00:00:00,00:00:00,00:00:00,00:02:33,00:00:00,00:48:16,00:00:00,00:00:00,00:00:00,00:30:48,00:00:43,00:00:00,00:00:00,00:00:00,00:09:14,00:00:00
2023-04-23,00:00:00,00:00:00,00:00:00,00:00:00,01:12:48,00:00:00,00:00:00,00:00:00,00:00:00,00:15:54,00:00:01,00:00:00,00:00:00,00:00:00,00:04:18,00:00:00,00:00:00,00:00:37,00:00:00,00:00:00,00:03:18,00:00:00,00:00:00,00:00:00,00:01:31,00:00:00,00:00:00,00:00:00,00:02:34,00:00:00,00:00:00,00:00:00,00:37:56,00:00:00,00:00:31,00:00:00,00:00:00,00:00:27,00:00:00,00:00:00,00:00:00,00:06:01,00:00:00
2023-04-24,00:00:00,00:00:00,00:00:40,00:00:00,01:26:56,00:00:00,00:00:47,00:00:26,00:00:00,00:00:00,00:03:38,00:00:00,00:00:00,00:00:00,00:10:14,00:00:00,00:00:00,00:00:05,00:00:00,00:00:00,00:00:00,00:00:09,00:00:00,00:00:03,00:00:00,00:00:00,00:00:00,00:00:11,00:00:47,00:00:00,00:03:18,00:00:00,00:44:00,00:00:00,00:00:00,00:00:00,00:04:29,00:01:09,00:00:00,00:00:00,00:00:00,00:11:22,00:00:00
2023-04-25,00:00:00,00:00:00,00:00:00,00:00:00,01:54:13,00:00:00,00:00:19,00:00:00,00:00:00,00:07:17,00:00:21,00:00:00,00:00:00,00:00:00,00:23:40,00:00:00,00:00:00,00:00:00,00:00:00,00:00:00,00:00:00,00:02:57,00:00:00,00:00:52,00:00:00,00:00:00,00:00:00,00:00:00,00:00:33,00:00:00,00:05:16,00:00:00,00:11:10,00:00:00,00:00:01,00:00:00,00:11:33,00:00:56,00:00:00,00:00:00,00:00:00,00:12:14,00:00:00
2023-04-26,00:00:00,00:00:00,00:00:00,00:00:00,03:18:40,00:00:00,00:01:10,00:00:00,00:00:00,00:07:27,00:00:13,00:00:00,00:00:00,00:00:00,00:36:17,00:00:00,00:00:00,00:02:15,00:00:00,00:00:00,00:00:12,00:00:00,00:00:00,00:00:00,00:00:00,00:00:00,00:00:00,00:00:00,00:01:53,00:00:00,00:02:41,00:00:00,00:00:00,00:00:00,00:00:00,00:00:00,00:19:09,00:00:59,00:00:00,00:00:00,00:00:00,00:10:41,00:00:00
2023-04-27,00:00:00,00:00:00,00:00:00,00:00:00,01:00:43,00:01:39,00:00:00,00:00:00,00:01:15,00:00:52,00:00:20,00:00:00,00:00:00,00:00:00,00:42:46,00:00:00,00:00:00,00:00:00,00:00:00,00:00:00,00:00:12,00:03:27,00:00:00,00:01:27,00:00:00,00:00:00,00:00:00,00:00:00,00:12:59,00:00:00,00:04:38,00:00:00,00:00:00,00:00:00,00:00:00,00:00:00,00:04:25,00:01:01,00:00:00,00:00:00,00:00:00,00:18:40,00:00:00
2023-04-28,00:00:00,00:00:00,00:00:00,00:00:00,00:13:53,00:00:00,00:00:00,00:00:00,00:00:00,00:01:32,00:00:00,00:00:00,00:00:00,00:00:00,00:27:29,00:00:00,00:00:00,00:00:00,00:00:00,00:00:00,00:00:00,00:00:00,00:00:00,00:00:00,00:00:00,00:00:00,00:00:00,00:00:00,00:02:10,00:00:00,00:03:02,00:00:00,00:00:00,00:00:00,00:00:00,00:00:00,00:06:40,00:00:17,00:00:00,00:00:00,00:00:00,00:04:22,00:00:00
2023-04-29,00:00:00,00:00:00,00:00:00,00:00:00,03:29:39,00:00:00,00:00:00,00:00:00,00:00:00,00:04:26,00:00:00,00:00:01,00:00:00,00:00:00,00:25:06,00:00:00,00:00:00,00:00:00,00:00:00,00:00:00,00:01:02,00:00:00,00:00:00,00:00:00,00:00:00,00:00:00,00:00:00,00:00:00,00:00:00,00:00:00,00:07:00,00:00:00,00:00:00,00:00:30,00:02:58,00:00:00,00:22:36,00:00:54,00:00:00,00:00:00,00:00:00,00:02:45,00:00:00
2023-04-30,00:00:00,00:01:06,00:00:00,00:00:00,00:11:38,00:00:00,00:00:00,00:00:00,00:00:00,00:00:00,00:00:00,00:00:00,00:00:00,00:00:00,00:00:47,00:00:00,00:00:00,00:00:00,00:00:00,00:00:00,00:00:00,00:00:00,00:00:00,00:00:00,00:00:00,00:00:00,00:00:00,00:00:00,00:00:28,00:00:00,00:00:00,00:00:00,00:00:00,00:00:00,00:00:00,00:00:00,00:00:17,00:00:29,00:00:00,00:00:00,00:00:00,00:01:14,00:00:00
2023-05-01,00:00:00,00:00:00,00:02:38,00:00:00,01:48:02,00:03:20,00:00:18,00:00:08,00:00:00,00:00:00,00:00:17,00:00:02,00:00:00,00:00:00,00:15:12,00:00:00,00:00:32,00:00:46,00:02:33,00:00:00,00:00:00,00:01:02,00:00:00,00:01:29,00:04:38,00:00:00,00:00:00,00:00:56,00:02:28,00:00:00,00:00:00,00:00:00,00:00:00,00:00:54,00:00:55,00:00:00,00:13:19,00:01:35,00:00:00,00:00:00,00:00:00,00:20:36,00:00:00
2023-05-02,00:00:00,00:00:04,00:22:09,00:00:00,00:17:06,00:00:16,00:00:01,00:00:00,00:00:00,00:01:14,00:00:14,00:00:00,00:00:00,00:00:00,00:55:32,00:00:00,00:00:08,00:00:48,00:00:00,00:00:00,00:01:39,00:00:00,00:00:00,00:01:39,00:03:54,00:28:03,00:00:00,00:01:01,00:03:39,00:00:00,00:06:54,00:00:00,00:00:00,00:01:03,00:00:00,00:00:00,00:05:18,00:02:26,00:00:00,00:00:00,00:00:00,00:13:46,00:00:00
2023-05-03,00:00:00,00:00:12,00:11:15,00:00:00,01:52:52,00:00:00,00:00:00,00:00:00,00:00:00,00:08:47,00:00:57,00:00:00,00:00:00,00:00:00,00:25:49,00:00:00,00:00:00,00:00:00,00:00:28,00:00:00,00:00:10,00:01:10,00:00:00,00:00:00,00:01:13,00:05:41,00:00:00,00:02:17,00:03:53,00:00:00,00:01:23,00:00:00,00:00:00,00:00:00,00:00:00,00:00:00,00:00:00,00:01:09,00:00:00,00:00:00,00:00:00,00:19:39,00:00:00
2023-05-04,00:00:00,00:00:27,00:00:40,00:00:00,00:10:59,00:00:20,00:00:00,00:00:00,00:00:00,00:25:09,00:00:04,00:00:00,00:00:00,00:00:00,00:53:36,00:00:00,00:00:00,00:00:00,00:00:00,00:00:00,00:00:17,00:03:09,00:00:00,00:01:18,00:00:00,00:34:45,00:00:00,00:00:00,00:08:05,00:00:00,00:07:15,00:00:00,00:00:00,00:00:00,00:00:00,00:00:00,00:19:09,00:01:29,00:00:00,00:00:00,00:00:00,00:24:41,00:00:00
2023-05-05,00:00:00,00:00:00,00:02:12,00:00:00,03:03:35,00:00:11,00:00:12,00:00:00,00:00:00,00:03:18,00:00:00,00:00:00,00:00:00,00:00:00,00:37:06,00:00:00,00:00:00,00:00:00,00:00:29,00:00:00,00:00:00,00:00:00,00:00:00,00:01:00,00:00:00,00:10:43,00:00:00,00:00:00,00:00:28,00:00:00,00:02:51,00:00:00,00:00:00,00:00:00,00:00:00,00:00:00,00:00:00,00:00:57,00:00:00,00:00:00,00:00:00,00:05:50,00:00:00
2023-05-06,00:00:00,00:00:00,00:01:55,00:00:00,00:50:33,00:02:04,00:00:00,00:00:00,00:01:22,00:05:16,00:00:00,00:00:00,00:00:00,00:00:00,01:28:15,00:00:00,00:00:00,00:06:02,00:04:06,00:00:00,00:00:00,00:01:49,00:00:00,00:05:31,00:00:00,01:30:40,00:03:35,00:00:00,00:20:23,00:00:00,00:04:47,00:00:00,00:00:00,00:00:00,00:00:00,00:00:00,00:18:01,00:04:17,00:00:00,00:00:00,00:00:00,00:09:10,00:00:00
2023-05-07,00:00:00,00:00:00,00:00:00,00:00:00,00:57:58,00:00:30,00:00:00,00:00:00,00:00:00,00:00:00,00:00:00,00:00:28,00:00:00,00:00:00,00:10:19,00:00:00,00:00:00,00:00:00,00:01:21,00:00:00,00:00:59,00:00:00,00:00:00,00:00:00,00:00:00,00:06:27,00:00:00,00:00:00,00:01:30,00:00:00,00:00:00,00:00:00,00:00:00,00:00:00,00:01:45,00:00:00,00:07:43,00:00:38,00:00:00,00:00:00,00:00:00,00:11:35,00:00:00
2023-05-08,00:00:00,00:00:00,00:00:00,00:00:00,00:25:32,00:00:00,00:02:07,00:00:00,00:00:00,00:01:34,00:00:00,00:00:00,00:00:00,00:00:00,00:00:26,00:00:00,00:00:00,00:00:32,00:08:01,00:00:00,00:00:00,00:00:40,00:00:00,00:00:00,00:00:00,00:00:00,00:00:00,00:00:00,00:00:16,00:00:00,00:00:00,00:00:00,00:00:00,00:00:22,00:00:00,00:00:00,00:00:00,00:00:26,00:00:00,00:00:00,00:00:00,00:04:01,00:00:00
2023-05-09,00:00:00,00:00:00,00:01:54,00:00:00,00:48:26,00:02:28,00:02:32,00:00:00,00:00:00,01:10:04,00:00:00,00:00:00,00:00:00,00:00:00,01:33:56,00:00:00,00:00:34,00:05:55,00:00:00,00:00:00,00:05:21,00:00:00,00:06:05,00:00:02,00:00:00,00:00:00,00:00:00,00:02:55,00:07:44,00:00:00,00:11:22,00:00:00,00:00:00,00:00:00,00:00:36,00:00:00,00:27:28,00:01:40,00:00:00,00:00:00,00:00:00,00:34:08,00:00:00
2023-05-10,00:00:00,00:00:00,00:00:00,00:00:00,01:34:22,00:00:03,00:02:38,00:03:28,00:01:03,00:01:25,00:00:01,00:00:00,00:00:00,00:00:00,00:50:09,00:00:00,00:00:00,00:02:56,00:04:11,00:00:00,00:02:25,00:00:00,00:00:00,00:00:00,00:00:00,00:00:00,00:00:00,00:00:37,00:05:15,00:00:00,00:04:46,00:00:00,00:00:00,00:00:00,00:00:01,00:00:00,00:19:35,00:01:56,00:00:00,00:00:00,00:00:00,00:21:42,00:00:00
2023-05-11,00:00:00,00:01:19,00:00:00,00:00:00,00:00:00,00:00:00,00:01:43,00:00:00,00:00:00,00:05:19,00:00:00,00:00:00,00:00:00,00:00:00,00:35:58,00:00:00,00:00:00,00:01:02,00:02:04,00:00:00,00:00:49,00:00:00,00:00:00,00:01:46,00:00:00,00:00:00,00:00:00,00:04:36,00:03:11,00:00:00,00:05:18,00:00:00,00:29:19,00:00:00,00:00:00,00:00:00,00:16:52,00:00:52,00:00:00,00:00:00,00:00:00,00:23:30,00:00:00
2023-05-12,00:00:00,00:00:00,00:00:00,00:00:00,00:00:00,00:00:00,00:00:00,00:00:00,00:00:00,00:23:39,00:00:00,00:00:07,00:00:00,00:00:00,00:19:29,00:00:00,00:00:00,00:03:21,00:00:00,00:00:00,00:01:31,00:00:00,00:00:00,00:02:11,00:00:00,00:00:00,00:00:00,00:02:54,00:19:11,00:00:00,00:03:51,00:04:43,00:00:00,00:00:23,00:00:00,00:00:00,00:12:22,00:00:47,00:00:00,00:02:58,00:00:00,00:24:40,00:00:00
2023-05-13,00:00:00,00:00:00,00:00:00,00:00:00,00:00:00,00:00:44,00:00:00,00:00:00,00:00:00,00:03:18,00:00:00,00:00:00,00:00:00,00:22:45,00:13:43,00:00:00,00:00:00,00:06:13,00:12:10,00:00:00,00:01:15,00:00:00,00:00:00,00:02:35,00:00:00,00:00:00,00:00:00,00:01:52,00:06:20,00:00:00,00:09:28,00:00:37,00:00:00,00:03:05,00:00:00,00:00:00,00:44:50,00:01:36,00:00:00,00:00:00,00:00:00,00:40:52,00:00:00
2023-05-14,00:00:00,00:02:37,00:00:00,00:00:00,00:00:00,00:00:00,00:00:06,00:00:27,00:00:00,00:00:00,00:00:00,00:00:00,00:00:00,00:00:00,00:33:08,00:00:00,00:00:00,00:00:15,00:05:28,00:00:00,00:00:00,00:00:00,00:00:00,00:00:00,00:00:00,00:00:00,00:00:00,00:00:00,00:06:03,00:00:00,00:02:31,00:00:00,00:00:00,00:00:00,00:00:00,00:00:00,00:00:00,00:00:53,00:00:00,00:00:00,00:00:00,00:09:29,00:00:00
2023-05-15,00:00:00,00:00:00,00:05:49,00:00:00,00:00:00,00:00:00,00:00:46,00:00:00,00:00:00,00:00:00,00:00:01,00:00:00,00:00:00,00:00:00,00:22:47,00:00:00,00:00:00,00:00:00,00:06:11,00:00:00,00:00:00,00:00:00,00:00:00,00:00:00,00:00:00,00:00:00,00:00:00,00:00:00,00:02:40,00:00:00,00:04:48,00:00:00,00:00:00,00:00:00,00:00:00,00:00:00,00:17:02,00:00:36,00:00:00,00:00:00,00:00:00,00:06:24,00:00:00
2023-05-16,00:00:00,00:00:00,00:01:50,00:00:00,00:00:00,00:02:07,00:00:00,00:00:00,00:00:26,00:04:13,00:00:00,00:00:00,00:00:00,00:12:55,01:28:26,00:00:00,00:00:00,00:04:20,00:05:34,00:00:00,00:00:21,00:00:00,00:00:00,00:02:38,00:00:00,00:19:37,00:00:00,00:00:24,00:00:30,00:00:00,00:08:27,00:01:38,01:11:32,00:01:06,00:00:00,00:00:00,00:00:00,00:01:26,00:00:00,00:00:00,00:00:00,00:19:47,00:00:00
2023-05-17,00:00:00,00:00:00,00:02:53,00:00:00,00:25:03,00:00:00,00:00:00,00:00:02,00:00:00,00:12:35,00:00:00,00:05:58,00:00:00,00:00:00,01:14:36,00:00:00,00:00:00,00:01:03,00:00:00,00:00:00,00:00:12,00:00:00,00:00:00,00:02:19,00:00:00,00:00:00,00:00:00,00:03:11,00:01:18,00:00:00,00:03:54,00:01:32,00:00:00,00:00:00,00:00:00,00:00:00,00:21:06,00:01:01,00:00:00,00:00:00,00:00:00,00:08:30,00:00:00
2023-05-18,00:00:00,00:00:00,00:00:00,00:00:00,00:59:38,00:00:00,00:00:00,00:00:00,00:00:00,00:19:04,00:00:17,00:00:00,00:00:00,00:00:00,01:16:27,00:00:00,00:00:00,00:00:58,00:00:00,00:00:00,00:00:27,00:00:00,00:00:00,00:06:01,00:01:35,00:00:00,00:00:00,00:02:01,00:06:26,00:00:00,00:03:09,00:04:19,00:00:00,00:00:38,00:00:00,00:00:00,00:23:07,00:01:19,00:00:00,00:00:00,00:00:00,00:21:03,00:00:00
2023-05-19,00:00:00,00:00:00,00:00:26,00:00:00,00:36:15,00:00:00,00:00:00,00:00:00,00:00:00,00:53:48,00:00:05,00:00:47,00:00:00,00:00:00,00:22:37,00:00:00,00:00:00,00:01:37,00:00:00,00:00:00,00:00:00,00:00:00,00:00:00,00:00:17,00:03:14,00:00:00,00:00:00,00:08:23,00:02:29,00:00:00,00:08:03,00:02:15,00:00:00,00:00:00,00:00:03,00:00:00,00:28:25,00:00:56,00:00:00,00:00:00,00:00:00,00:13:45,00:00:00
2023-05-20,00:00:00,00:00:00,00:01:40,00:00:00,00:00:00,00:00:00,00:00:16,00:00:00,00:00:00,00:50:03,00:00:00,00:00:00,00:00:00,00:00:00,00:52:00,00:00:00,00:00:00,00:00:00,00:00:00,00:00:00,00:01:19,00:00:00,00:00:00,00:00:00,00:00:00,00:00:00,00:00:00,00:00:00,00:01:02,00:00:00,00:15:18,00:00:00,00:00:00,00:00:28,00:00:00,00:00:00,00:06:52,00:00:42,00:00:00,00:00:00,00:00:00,00:15:57,00:00:00
2023-05-21,00:00:00,00:00:00,00:07:47,00:00:00,00:00:00,00:00:00,00:00:00,00:00:00,00:00:00,00:00:00,00:00:00,00:00:00,00:00:00,00:00:00,00:08:22,00:00:00,00:00:00,00:00:15,00:18:35,00:00:00,00:00:00,00:00:00,00:00:00,00:00:00,00:00:00,00:00:00,00:00:00,00:00:00,00:01:09,00:00:00,00:00:00,00:00:00,00:00:00,00:00:00,00:00:00,00:00:00,00:00:00,00:00:36,00:00:00,00:00:00,00:00:00,00:05:21,00:00:00
2023-05-22,00:00:00,00:00:00,00:00:52,00:00:00,00:01:16,00:00:00,00:01:18,00:00:00,00:00:00,00:02:04,00:00:00,00:00:00,00:00:00,00:00:00,00:00:00,00:00:00,00:00:00,00:04:06,00:00:00,00:00:00,00:00:00,00:00:00,00:00:03,00:03:45,00:01:01,00:00:00,00:00:00,00:00:38,00:01:59,00:00:00,00:09:03,00:00:00,00:00:00,00:00:23,00:00:00,00:00:00,00:02:39,00:00:42,00:00:00,00:01:42,00:00:00,00:05:39,00:00:00
2023-05-23,00:00:00,00:00:00,00:02:07,00:00:00,00:00:00,00:00:00,00:04:26,00:00:09,00:00:27,00:14:46,00:03:09,00:00:27,00:03:37,00:00:00,00:00:00,00:00:00,00:00:00,00:03:30,00:00:00,00:00:00,00:01:05,00:00:00,00:00:00,00:01:14,00:05:28,00:00:00,00:00:00,00:00:00,00:18:22,00:00:00,00:08:54,00:01:35,00:00:00,00:00:00,00:00:00,00:00:00,00:15:16,00:01:30,00:00:00,00:00:00,00:00:00,00:30:31,00:00:00
2023-05-24,00:00:00,00:00:00,00:00:00,00:00:00,00:00:00,00:00:33,00:00:00,00:00:00,00:00:00,00:15:27,00:00:28,00:00:00,00:00:00,00:03:56,00:00:00,00:00:00,00:00:00,00:01:15,00:00:00,00:00:00,00:00:27,00:00:00,00:00:00,00:02:50,00:01:24,01:21:56,00:00:00,00:00:00,00:13:30,00:00:00,00:06:31,00:02:08,00:00:00,00:00:00,00:00:03,00:00:00,00:00:00,00:01:34,00:00:00,00:00:00,00:00:00,00:22:05,00:00:00
2023-05-25,00:00:00,00:00:00,00:07:05,00:00:00,00:00:00,00:00:00,00:01:08,00:00:01,00:00:00,00:09:42,00:00:30,00:00:00,00:00:00,00:00:00,00:00:00,00:00:00,00:00:00,00:05:32,00:00:00,00:00:00,00:00:00,00:00:00,00:00:00,00:00:00,00:00:00,00:12:59,00:00:00,00:00:00,00:25:39,00:00:00,00:04:17,00:02:01,00:00:00,00:01:48,00:00:00,00:00:00,00:11:31,00:01:16,00:00:00,00:00:00,00:00:00,00:19:24,00:00:00
2023-05-26,00:00:00,00:00:00,00:00:00,00:00:00,00:00:00,00:00:00,00:00:45,00:00:00,00:00:00,00:12:25,00:00:00,00:00:17,00:00:00,00:00:00,00:00:00,00:00:00,00:00:00,00:07:35,00:00:00,00:00:00,00:00:00,00:00:00,00:00:00,00:01:05,00:00:00,00:49:17,00:00:00,00:16:34,00:20:19,00:00:00,00:13:35,00:00:26,00:00:00,00:00:00,00:00:00,01:06:10,01:03:30,00:01:33,00:00:00,00:00:00,00:00:00,00:19:16,00:00:00
2023-05-27,00:00:00,00:00:00,00:03:24,00:00:00,00:00:00,00:00:00,00:01:47,00:00:00,00:00:00,00:11:34,00:00:05,00:00:13,00:00:00,00:00:00,00:00:00,00:00:00,00:00:00,00:00:00,00:02:16,00:00:00,00:00:00,00:01:21,00:00:00,00:00:20,00:00:39,00:45:05,00:00:00,00:04:44,00:01:48,00:00:00,00:01:49,00:00:00,00:00:00,00:00:00,00:00:00,00:08:02,00:00:00,00:01:07,00:00:00,00:00:00,00:00:00,00:07:01,00:00:00
2023-05-28,00:00:00,00:00:00,00:00:00,00:00:00,00:00:00,00:00:00,00:02:12,00:00:00,00:00:00,00:03:23,00:00:04,00:00:04,00:00:00,00:00:00,00:00:00,00:01:04,00:00:00,00:00:11,00:00:00,00:00:00,00:00:00,00:00:00,00:00:00,00:00:00,00:00:00,00:26:21,00:00:00,00:01:39,00:03:05,00:00:00,00:00:00,00:00:00,00:00:00,00:00:25,00:00:00,00:06:31,00:01:00,00:00:43,00:00:00,00:00:00,00:00:00,00:08:12,00:00:00
2023-05-29,00:00:00,00:00:00,00:00:00,00:00:00,00:54:54,00:00:36,00:00:09,00:00:00,00:00:00,00:00:07,00:01:11,00:00:00,00:00:00,00:00:00,00:00:00,00:00:00,00:00:00,00:00:00,00:02:28,00:00:00,00:00:00,00:00:00,00:00:00,00:00:45,00:00:00,00:19:11,00:00:00,00:00:00,00:04:08,00:00:00,00:07:57,00:00:45,00:00:00,00:01:17,00:01:35,00:13:17,00:09:04,00:00:58,00:00:00,00:00:00,00:00:00,00:09:32,00:00:00
2023-05-30,00:00:00,00:08:29,00:03:46,00:00:00,00:00:00,00:00:00,00:03:21,00:00:00,00:00:00,00:04:31,00:03:14,00:00:00,00:00:00,00:00:00,00:00:00,00:00:00,00:00:00,00:00:00,00:02:16,00:00:00,00:00:00,00:00:00,00:00:00,00:00:00,00:11:44,00:14:33,00:00:00,00:01:21,00:14:05,00:00:00,00:12:22,00:00:00,00:00:00,00:03:36,00:00:00,00:07:28,00:00:00,00:01:40,00:00:00,00:00:00,00:00:00,00:06:06,00:00:00
2023-05-31,00:00:00,00:03:11,00:00:00,00:00:00,00:09:26,00:00:00,00:00:18,00:00:38,00:00:00,00:02:38,00:01:04,00:00:00,00:00:00,00:00:00,00:00:00,00:00:00,00:00:00,00:00:09,00:00:00,00:00:00,00:00:00,00:00:00,00:00:00,00:06:23,00:01:53,00:18:38,00:00:00,00:00:45,00:24:25,00:00:00,00:00:00,00:00:00,00:00:00,00:00:00,00:00:12,00:00:32,00:15:59,00:02:08,00:00:00,00:00:00,00:00:00,00:09:59,00:00:00
2023-06-01,00:00:00,00:04:14,00:39:51,00:00:00,00:51:23,00:02:30,00:03:24,00:00:00,00:02:33,00:02:42,00:01:31,00:01:00,00:00:00,00:00:00,00:00:00,00:00:32,00:00:24,00:01:01,00:10:28,00:00:00,00:01:15,00:00:00,00:00:00,00:01:44,00:34:10,00:10:24,00:01:11,00:01:08,00:22:08,00:00:00,00:06:25,00:00:27,00:00:00,00:18:37,00:00:02,00:05:31,00:22:50,00:05:12,00:00:00,00:00:00,00:00:00,00:24:08,00:00:00
2023-06-02,00:00:00,00:00:00,00:00:00,00:00:00,00:00:00,00:00:00,00:00:19,00:00:00,00:00:00,00:00:16,00:00:37,00:00:00,00:00:00,00:00:00,00:00:00,00:00:00,00:00:00,00:00:58,00:00:00,00:00:00,00:00:00,00:00:00,00:00:00,00:01:53,00:04:17,00:19:38,00:00:00,00:02:21,00:28:33,00:00:00,00:02:40,00:00:22,00:27:17,00:00:00,00:00:00,00:02:11,00:14:13,00:01:22,00:00:00,00:00:00,00:00:00,00:32:50,00:00:00
2023-06-03,00:00:00,00:00:10,00:00:25,00:14:35,00:01:07,00:00:32,00:00:55,00:00:41,00:00:32,00:04:01,00:00:14,00:00:39,00:00:00,00:00:00,00:00:00,00:00:00,00:00:00,00:02:13,00:01:39,00:00:00,00:01:42,00:00:00,00:00:00,00:14:55,00:00:00,00:18:47,00:01:58,00:01:58,01:41:59,00:00:00,00:08:01,00:00:00,00:00:00,00:00:31,00:00:00,00:10:07,00:43:25,00:02:12,00:00:00,00:00:00,00:00:00,00:27:17,00:00:00
2023-06-04,00:00:00,00:02:05,00:02:39,00:00:00,00:00:00,00:01:32,00:00:00,00:00:00,00:00:00,00:00:00,00:04:20,00:00:00,00:00:00,00:00:00,00:00:00,00:00:00,00:00:00,00:02:29,00:00:00,00:00:00,00:00:00,00:00:00,00:00:00,00:00:00,00:03:10,00:04:20,00:00:00,00:00:00,00:21:33,00:00:00,00:00:00,00:00:00,00:00:00,00:00:23,00:00:00,00:01:39,00:04:35,00:01:15,00:00:00,00:00:00,00:00:00,00:09:25,00:00:00
2023-06-05,00:00:00,00:02:40,00:14:21,00:00:00,00:25:32,00:00:18,00:04:28,00:00:00,00:00:00,00:10:11,00:01:45,00:00:00,00:00:00,00:00:00,00:00:00,00:00:00,00:00:00,00:01:42,00:00:57,00:00:00,00:00:00,00:00:00,00:00:00,00:01:20,00:11:27,01:41:08,00:00:00,00:00:00,00:31:24,00:00:00,00:00:00,00:01:56,00:00:00,00:01:39,00:00:00,00:20:25,00:02:12,00:01:56,00:00:00,00:00:00,00:00:00,00:14:50,00:00:00
2023-06-06,00:00:00,00:00:27,00:02:03,00:02:16,00:12:29,00:00:00,00:01:04,00:00:00,00:00:00,00:00:28,00:00:09,00:00:34,00:00:00,00:00:00,00:00:00,00:00:00,00:00:00,00:01:42,00:00:00,00:00:00,00:02:33,00:00:00,00:00:00,00:02:23,00:00:00,00:08:14,00:00:00,00:00:00,00:22:09,00:00:00,00:23:35,00:02:33,01:00:14,00:00:00,00:00:00,00:00:00,00:20:07,00:01:13,00:00:00,00:00:00,00:00:00,00:11:13,00:00:00
2023-06-07,00:00:00,00:02:16,00:00:08,00:00:00,00:48:29,00:00:38,00:00:09,00:00:00,00:01:46,00:00:23,00:00:06,00:00:00,01:11:40,00:00:00,00:00:00,00:00:21,00:00:00,00:03:10,00:03:19,00:00:30,00:00:00,00:00:00,00:00:00,00:03:28,00:00:00,00:00:00,00:00:00,00:07:27,00:30:05,00:00:00,00:11:28,00:01:51,00:00:00,00:01:08,00:00:03,00:00:00,00:18:13,00:02:24,00:00:00,00:00:00,00:00:00,00:30:27,00:00:00
2023-06-08,00:00:00,00:00:00,00:06:34,00:00:00,00:47:30,00:00:00,00:00:00,00:00:00,00:00:00,00:00:13,00:02:22,00:00:07,00:00:00,00:00:00,00:00:00,00:00:00,00:00:00,00:04:04,00:00:00,00:00:00,00:00:46,00:00:00,00:00:00,00:00:00,00:07:21,00:00:00,00:00:00,00:01:18,00:29:13,00:00:00,00:06:28,00:02:46,00:00:00,00:00:15,00:00:00,00:00:00,00:23:12,00:01:26,00:00:00,00:00:00,00:00:00,00:16:23,00:00:00
2023-06-09,00:00:00,00:00:00,00:00:57,00:00:00,00:05:10,00:01:25,00:04:50,00:00:00,00:00:03,00:00:49,00:03:42,00:00:00,00:00:00,00:00:00,00:00:00,00:00:00,00:00:00,00:01:35,00:03:23,00:00:05,00:00:10,00:00:00,00:00:00,00:00:02,00:00:25,00:00:00,00:00:00,00:00:25,00:13:59,00:00:00,00:04:05,00:04:29,00:00:00,00:00:00,00:00:00,00:00:00,01:13:45,00:02:03,00:00:00,00:00:00,00:00:00,00:51:33,00:00:00
2023-06-10,00:00:00,00:06:07,00:00:14,00:00:00,01:16:12,00:00:16,00:00:47,00:06:10,00:00:00,00:02:59,00:00:04,00:00:00,00:00:00,00:00:00,00:00:00,00:00:00,00:00:00,00:02:10,00:00:44,00:01:01,00:00:00,00:00:00,00:00:00,00:00:39,00:00:00,00:00:00,00:00:00,00:00:31,00:03:38,00:00:00,00:11:44,00:00:00,00:00:00,00:00:00,00:00:00,00:00:00,00:18:21,00:04:53,00:00:00,00:00:00,00:00:00,00:05:33,00:00:00
2023-06-11,00:00:00,00:00:15,00:00:00,00:00:00,00:08:34,00:00:39,00:00:00,00:00:00,00:00:00,00:01:10,00:00:00,00:00:26,00:00:00,00:00:00,00:00:00,00:00:00,00:00:00,00:00:25,00:00:00,00:00:00,00:00:49,00:00:00,00:00:00,00:02:01,00:00:00,00:00:00,00:00:00,00:00:58,00:03:35,00:00:00,00:00:00,00:00:00,00:10:30,00:00:00,00:00:00,00:00:00,00:00:00,00:00:45,00:00:00,00:00:00,00:00:00,00:06:27,00:00:00
2023-06-12,00:00:00,00:02:03,00:00:30,00:00:00,00:14:38,00:00:48,00:00:21,00:00:00,00:00:00,00:00:03,00:00:02,00:00:00,00:00:00,00:00:00,00:00:00,00:00:00,00:00:00,00:00:00,00:00:00,00:00:00,00:00:12,00:00:00,00:00:00,00:00:00,00:00:13,00:00:00,00:00:00,00:00:00,00:02:08,00:00:00,00:07:00,00:00:00,00:34:13,00:00:00,00:00:00,00:00:00,00:00:00,00:00:40,00:00:00,00:00:00,00:00:00,00:06:48,00:00:00
2023-06-13,00:00:00,00:06:05,00:00:53,00:02:50,01:13:09,00:00:27,00:00:00,00:00:00,00:00:00,00:01:38,00:00:05,00:00:00,00:00:00,00:00:00,00:00:00,00:00:00,00:00:00,00:00:00,00:00:00,00:00:00,00:00:00,00:00:00,00:00:00,00:00:00,00:00:00,00:00:00,00:00:00,00:00:00,00:30:24,00:00:00,00:08:19,00:00:29,00:00:00,00:02:08,00:00:00,00:00:00,00:20:32,00:00:59,00:00:00,00:00:00,00:00:00,00:09:45,00:00:00
2023-06-14,00:00:00,00:09:37,00:01:03,00:00:00,00:04:52,00:07:06,00:01:27,00:00:00,00:00:00,00:00:25,00:00:00,00:00:00,00:00:00,00:00:00,00:00:00,00:00:00,00:00:00,00:00:04,00:00:00,00:00:00,00:00:00,00:00:00,00:00:00,00:00:00,00:00:00,00:00:00,00:00:00,00:00:10,01:44:10,00:00:00,00:14:06,00:00:37,00:00:00,00:01:47,00:00:00,00:00:00,00:04:33,00:01:15,00:00:00,00:00:00,00:00:00,00:09:58,00:00:00
2023-06-15,00:00:00,00:06:43,00:02:42,00:00:00,00:59:03,00:00:15,00:00:28,00:00:00,00:00:28,00:05:10,00:00:00,00:00:00,00:00:00,00:00:00,00:00:00,00:00:20,00:00:00,00:00:11,00:00:00,00:00:00,00:00:00,00:00:00,00:00:00,00:00:00,00:03:38,00:00:00,00:00:00,00:15:44,00:06:03,00:00:00,00:06:00,00:01:24,00:00:00,00:00:22,00:00:00,00:00:00,00:17:08,00:01:53,00:00:00,00:01:09,00:00:00,00:22:53,00:00:00
2023-06-16,00:00:00,00:03:27,00:00:00,00:00:00,03:26:00,00:00:27,00:00:16,00:00:00,00:00:00,00:02:20,00:00:00,00:00:00,00:00:00,00:00:00,00:00:00,00:00:00,00:00:00,00:00:00,00:00:00,00:00:00,00:02:22,00:00:00,00:00:00,00:00:00,00:00:00,00:00:00,00:00:00,00:00:59,00:08:55,00:00:00,00:04:33,00:01:53,00:00:00,00:00:00,00:00:00,00:00:00,00:00:24,00:00:56,00:00:00,00:00:00,00:00:00,00:12:52,00:00:00
2023-06-17,00:00:00,00:15:52,00:00:44,00:01:54,02:33:35,00:02:54,00:00:24,00:00:00,00:00:39,00:02:37,00:00:09,00:00:00,00:00:00,00:00:00,00:00:00,00:00:00,00:00:00,00:00:02,00:00:00,00:00:00,00:00:00,00:00:00,00:00:00,00:00:56,00:00:00,00:00:00,00:00:00,00:00:05,00:03:06,00:00:00,00:07:02,00:00:00,00:00:00,00:00:32,00:00:00,00:00:00,00:17:01,00:01:20,00:00:00,00:00:00,00:00:00,00:09:13,00:00:00
2023-06-18,00:00:00,00:00:00,00:00:14,00:00:00,00:03:57,00:00:00,00:00:00,00:00:00,00:00:00,00:18:11,00:00:03,00:00:00,00:00:00,00:00:00,00:00:00,00:00:00,00:00:00,00:00:00,00:00:00,00:00:00,00:00:00,00:00:00,00:00:00,00:00:00,00:03:23,00:00:00,00:00:00,00:00:00,00:10:53,00:00:00,00:00:00,00:00:00,00:00:00,00:00:00,00:00:00,00:00:00,00:14:51,00:01:26,00:00:00,00:00:00,00:00:00,00:14:40,00:00:00
2023-06-19,00:00:00,00:00:00,00:04:29,00:00:00,00:00:00,00:00:00,00:01:06,00:00:00,00:00:00,00:00:38,00:00:30,00:00:00,00:00:00,00:00:00,00:00:00,00:00:00,00:00:00,00:01:39,00:00:00,00:00:00,00:00:00,00:00:00,00:00:00,00:00:00,00:13:53,00:00:00,00:00:00,00:00:00,00:10:59,00:00:00,00:00:00,00:02:09,00:00:00,00:00:29,00:00:00,00:00:00,00:10:42,00:00:33,00:00:00,00:00:00,00:00:00,00:09:23,00:00:00
2023-06-20,00:00:00,00:05:07,00:00:00,00:04:22,01:22:00,00:00:00,00:00:02,00:00:00,00:00:00,00:02:51,00:00:09,00:00:27,00:00:00,00:00:00,00:00:00,00:00:00,00:00:00,00:00:00,00:00:00,00:00:00,00:00:00,00:01:17,00:00:00,00:01:48,00:00:00,00:00:00,00:00:00,00:00:00,00:30:52,00:00:00,00:12:35,00:01:10,00:00:00,00:00:26,00:00:00,00:00:00,00:41:40,00:02:24,00:00:00,00:00:00,00:00:00,00:21:53,00:00:00
2023-06-21,00:00:00,00:03:40,00:00:00,00:03:06,00:37:01,00:00:00,00:03:33,00:00:00,00:00:00,00:00:40,00:00:05,00:00:00,00:00:00,00:00:00,00:00:00,00:00:00,00:00:00,00:00:00,00:00:00,00:00:00,00:00:00,00:00:00,00:00:00,00:00:00,00:05:04,00:00:00,00:00:00,00:29:34,00:07:05,00:00:00,00:03:31,00:01:13,00:00:00,00:00:00,00:00:00,00:00:00,00:11:26,00:01:41,00:00:00,00:00:00,00:00:00,00:09:08,00:00:00
2023-06-22,00:00:00,00:05:26,00:00:08,00:00:00,01:39:17,00:00:32,00:02:05,00:00:00,00:00:00,00:02:05,00:00:25,00:00:00,00:00:00,00:00:00,00:00:00,00:00:00,00:00:00,00:01:23,00:00:00,00:00:00,00:00:00,00:00:00,00:00:00,00:00:00,00:00:00,00:00:00,00:00:00,00:05:31,00:23:01,00:00:00,00:03:50,00:01:48,00:00:00,00:00:42,00:00:00,00:00:00,00:08:49,00:01:01,00:00:00,00:00:00,00:00:00,00:12:29,00:00:00
2023-06-23,00:00:00,00:02:03,00:00:23,00:00:00,01:24:36,00:03:41,00:01:22,00:00:00,00:00:57,00:06:15,00:02:39,00:00:00,00:01:06,00:00:00,00:00:00,00:00:00,00:00:00,00:00:17,00:00:54,00:00:00,00:00:00,00:00:00,00:00:00,00:01:27,00:00:03,00:14:03,00:01:31,00:00:30,00:07:57,00:00:00,00:11:26,00:01:16,00:00:00,00:01:19,00:00:00,00:00:00,00:38:30,00:01:56,00:00:00,00:00:00,00:00:00,00:19:34,00:00:00
2023-06-24,00:00:00,00:03:18,00:00:42,00:00:00,01:21:41,00:00:30,00:00:00,00:00:00,00:00:00,00:02:59,00:00:11,00:00:00,00:00:00,00:00:00,00:00:00,00:00:00,00:00:00,00:00:00,00:02:28,00:00:00,00:02:54,00:00:00,00:00:00,00:00:00,00:00:00,00:00:00,00:03:26,00:00:00,00:15:24,00:00:00,00:08:58,00:00:00,00:00:00,00:00:12,00:00:00,00:00:00,00:38:03,00:00:52,00:00:00,00:00:00,00:00:00,00:24:39,00:00:00
2023-06-25,00:00:00,00:00:00,00:00:00,00:00:00,02:17:41,00:06:23,00:03:21,00:00:00,00:00:00,00:08:25,00:00:44,00:00:00,00:00:00,00:00:00,00:00:00,00:00:00,00:00:00,00:00:08,00:00:00,00:00:00,00:00:00,00:03:34,00:00:00,00:00:00,00:06:16,00:00:00,00:00:00,00:00:00,00:05:07,00:00:00,00:00:00,00:00:00,00:00:00,00:00:25,00:00:00,00:00:00,00:25:37,00:01:38,00:00:00,00:00:00,00:00:00,00:14:15,00:00:00
2023-06-26,00:00:00,00:00:00,00:06:06,00:00:00,00:00:00,00:00:28,00:00:31,00:00:00,00:00:00,00:00:36,00:00:02,00:00:00,00:00:00,00:00:00,00:00:00,00:00:00,00:00:00,00:00:00,00:00:00,00:00:00,00:00:00,00:00:00,00:00:00,00:00:00,00:02:50,00:00:00,00:00:00,00:00:00,00:12:04,00:00:00,00:00:00,00:00:23,00:00:00,00:00:00,00:00:00,00:00:00,00:00:00,00:01:23,00:00:00,00:00:00,00:00:00,00:12:03,00:00:00
2023-06-27,00:00:00,00:04:07,00:00:00,00:00:00,00:03:17,00:01:41,00:00:01,00:00:00,00:00:00,00:02:26,00:00:44,00:00:00,00:00:00,00:00:00,00:00:00,00:00:00,00:00:00,00:00:00,00:00:00,00:00:00,00:00:10,00:00:00,00:00:00,00:01:00,00:00:00,00:00:00,00:00:00,00:00:02,00:12:09,00:00:00,00:28:06,00:01:39,00:00:00,00:00:39,00:00:00,00:00:00,00:10:01,00:01:10,00:00:00,00:00:00,00:00:00,00:37:15,00:00:00
2023-06-28,00:00:00,00:02:11,00:00:00,00:00:00,00:00:00,00:00:12,00:00:06,00:00:00,00:00:28,00:01:13,00:00:58,00:00:13,00:00:00,00:00:00,00:00:00,00:00:00,00:00:00,00:00:09,00:00:00,00:00:00,00:00:55,00:05:26,00:00:00,00:00:00,00:00:25,00:00:00,00:00:00,00:15:13,00:30:16,00:00:00,00:06:51,00:00:30,00:00:00,00:00:32,00:00:00,00:00:00,00:41:50,00:01:49,00:00:00,00:00:00,00:00:00,00:30:24,00:00:00
2023-06-29,00:00:00,00:04:13,00:03:02,00:00:00,00:00:00,00:05:36,00:00:00,00:00:00,00:00:00,00:03:33,00:00:00,00:00:00,00:00:00,00:00:00,00:00:00,00:00:00,00:00:00,00:01:05,00:00:00,00:00:00,00:00:00,00:00:00,00:00:00,00:02:02,00:03:13,00:00:00,00:00:00,00:00:08,00:19:31,00:00:00,01:03:25,00:00:34,00:45:03,00:04:25,00:00:00,00:00:00,00:23:54,00:02:27,00:00:00,00:00:00,00:00:00,00:43:22,00:00:00
2023-06-30,00:00:00,00:03:43,00:06:21,00:00:00,00:00:00,00:00:16,00:03:13,00:00:00,00:00:00,00:06:26,00:00:02,00:00:00,00:00:00,00:00:00,00:00:00,00:00:00,00:00:00,00:00:11,00:00:00,00:00:00,00:00:00,00:00:00,00:00:00,00:00:00,00:00:00,00:00:00,00:00:00,00:00:00,00:30:29,00:00:00,00:04:18,00:04:50,00:00:00,00:01:02,00:00:00,00:00:00,00:26:20,00:01:24,00:00:00,00:00:00,00:00:00,00:24:15,00:00:00
2023-07-01,00:00:00,00:02:21,00:02:26,00:00:00,00:00:00,00:00:19,00:00:00,00:00:00,00:00:00,00:03:37,00:13:32,00:00:00,00:00:00,00:00:00,00:00:00,00:00:00,00:00:27,00:00:19,00:00:00,00:00:00,00:01:12,00:00:00,00:00:00,00:00:00,00:00:00,00:00:00,00:00:00,00:00:00,01:05:37,00:00:00,00:07:19,00:00:00,00:00:00,00:00:39,00:00:00,00:00:00,00:47:03,00:01:21,00:00:00,00:00:00,00:00:00,00:19:11,00:00:00
2023-07-02,00:00:00,00:00:00,00:00:00,00:00:00,00:00:00,00:01:23,00:01:55,00:00:00,00:01:24,00:00:12,00:00:56,00:00:00,00:00:00,00:00:00,00:00:00,00:00:00,00:00:00,00:00:00,00:04:45,00:00:00,00:00:26,00:00:00,00:00:00,00:00:00,00:03:34,00:00:00,00:00:48,00:00:00,00:21:31,00:00:00,00:00:00,00:00:00,00:00:00,00:00:26,00:00:00,00:00:00,00:18:57,00:01:32,00:00:00,00:00:00,00:00:00,00:17:37,00:00:00
2023-07-03,00:00:00,00:00:00,00:22:38,00:00:00,00:00:00,00:00:05,00:00:35,00:00:55,00:02:32,00:00:03,00:00:35,00:00:00,00:00:00,00:00:00,00:00:00,00:00:00,00:00:00,00:00:00,00:01:54,00:00:00,00:00:00,00:00:00,00:00:00,00:02:21,00:04:32,00:00:00,00:06:13,00:00:00,00:09:48,00:00:00,00:00:00,00:00:00,00:00:00,00:00:44,00:00:00,00:00:00,00:15:48,00:00:46,00:00:00,00:00:00,00:00:00,00:19:11,00:00:00
2023-07-04,00:00:00,00:02:12,00:06:28,00:00:00,00:00:00,00:00:42,00:00:05,00:00:28,00:00:00,00:01:14,00:00:17,00:00:00,00:00:00,00:00:00,00:00:00,00:00:00,00:00:00,00:01:00,00:04:15,00:00:00,00:00:00,00:01:25,00:00:00,00:07:37,00:01:57,00:57:04,00:00:00,00:00:00,00:18:50,00:00:00,00:04:17,00:01:06,00:00:00,00:06:05,00:00:00,00:00:00,00:18:12,00:01:27,00:00:00,00:00:00,00:00:00,00:16:07,00:00:00
2023-07-05,00:00:00,00:06:01,00:02:16,00:00:00,00:00:00,00:02:53,00:00:00,00:00:00,00:00:00,00:06:12,00:00:00,00:00:00,00:00:00,00:00:00,00:00:00,00:00:03,00:00:00,00:00:00,00:03:19,00:00:00,00:01:16,00:03:10,00:00:00,00:00:00,00:00:00,00:53:31,00:00:00,00:00:00,00:25:08,00:00:00,00:01:58,00:01:24,00:00:00,00:00:32,00:00:00,00:00:00,00:04:49,00:01:32,00:00:00,00:00:00,00:00:00,00:16:13,00:00:00
2023-07-06,00:00:00,00:04:35,00:00:26,00:00:00,00:00:00,00:00:00,00:00:00,00:00:00,00:00:00,00:03:08,00:00:14,00:00:00,00:00:00,00:00:00,00:00:00,00:00:00,00:00:00,00:00:00,00:00:00,00:00:00,00:00:00,00:00:00,00:00:00,00:00:00,00:00:00,00:34:14,00:00:00,00:00:00,00:21:31,00:00:00,00:20:58,00:00:31,00:00:00,00:01:50,00:00:00,00:00:00,00:00:00,00:01:00,00:00:00,00:00:00,00:00:00,00:08:45,00:00:00
2023-07-07,00:00:00,00:03:16,00:01:17,00:00:00,00:00:00,00:00:35,00:02:11,00:00:00,00:00:31,00:11:53,00:00:45,00:00:00,00:00:00,00:00:00,00:00:00,00:00:03,00:00:00,00:04:05,00:01:44,00:00:00,00:00:00,00:00:00,00:00:00,00:00:00,00:00:00,00:47:32,00:00:00,00:00:00,00:21:00,00:00:00,00:04:43,00:01:02,00:00:00,00:00:00,00:00:00,00:00:00,00:27:11,00:01:28,00:00:00,00:00:00,00:00:00,00:38:19,00:00:00
2023-07-08,00:00:00,00:06:25,00:01:06,00:00:00,00:00:00,00:00:55,00:00:00,00:00:00,00:00:50,00:06:56,00:02:01,00:00:00,00:00:00,00:00:00,00:00:00,00:00:00,00:00:00,00:00:18,00:01:20,00:00:00,00:00:00,00:00:00,00:00:00,00:00:00,00:00:00,00:00:00,00:00:00,00:00:00,00:16:44,00:00:00,00:05:09,00:00:00,00:00:00,00:00:00,00:00:00,00:00:00,00:16:30,00:01:01,00:00:00,00:00:00,00:00:00,00:18:09,00:00:00
2023-07-09,00:00:00,00:00:00,00:01:50,00:00:00,00:00:00,00:01:17,00:00:45,00:00:10,00:00:00,00:00:09,00:00:33,00:00:03,00:00:00,00:00:00,00:00:00,00:00:00,00:00:00,00:00:00,00:00:00,00:00:00,00:00:00,00:00:26,00:00:00,00:01:09,00:13:22,00:00:00,00:00:00,00:00:00,00:13:17,00:00:00,00:00:00,00:00:00,00:00:00,00:00:00,00:00:00,00:00:00,00:01:27,00:01:16,00:00:00,00:00:00,00:00:00,00:12:14,00:00:00
2023-07-10,00:00:00,00:00:00,00:00:00,00:00:00,00:45:25,00:03:24,00:08:06,00:00:00,00:00:00,00:00:04,00:00:13,00:00:00,00:00:00,00:00:00,00:00:00,00:00:00,00:00:00,00:00:25,00:30:04,00:00:00,00:01:04,00:00:00,00:00:01,00:00:29,00:04:52,00:00:00,00:00:00,00:00:47,00:21:14,00:00:00,00:00:00,00:00:26,00:00:00,00:00:45,00:00:00,00:00:00,00:03:38,00:01:10,00:00:00,00:00:00,00:00:00,00:19:58,00:00:00
2023-07-11,00:00:00,00:03:07,00:00:21,00:00:00,00:00:00,00:00:24,00:00:00,00:00:00,00:00:00,00:16:17,00:00:00,00:00:00,00:00:00,00:00:00,00:00:00,00:00:00,00:00:00,00:00:00,00:03:18,00:00:00,00:00:00,00:00:00,00:00:00,00:00:00,00:00:37,00:00:00,00:00:00,00:00:00,00:19:43,00:00:00,00:01:57,00:00:44,00:00:00,00:00:00,00:00:00,00:00:00,00:15:56,00:00:49,00:00:00,00:00:00,00:00:00,00:14:16,00:00:00
2023-07-12,00:00:00,00:02:23,00:31:58,00:00:00,00:12:53,00:00:04,00:00:33,00:00:00,00:00:23,00:10:41,00:00:03,00:00:00,00:00:00,00:00:00,00:00:00,00:00:00,00:00:00,00:00:00,00:03:36,00:00:00,00:00:00,00:00:00,00:00:00,00:01:52,00:09:33,00:00:00,00:00:00,00:00:00,00:16:57,00:00:00,00:04:21,00:00:41,00:00:00,00:00:00,00:00:00,00:00:00,00:00:30,00:01:58,00:00:00,00:00:00,00:00:00,00:12:03,00:00:00
2023-07-13,00:00:00,00:00:47,00:00:49,00:00:00,00:34:17,00:01:19,00:00:12,00:00:01,00:00:00,00:01:51,00:00:00,00:00:00,00:00:00,00:00:00,00:00:00,00:00:36,00:00:00,00:02:23,00:00:00,00:00:00,00:04:51,00:00:52,00:00:25,00:00:00,00:00:00,00:00:00,00:00:00,00:00:00,00:16:28,00:00:00,00:04:04,00:04:06,00:00:00,00:00:20,00:00:50,00:00:00,00:37:36,00:01:23,00:00:00,00:00:00,00:00:00,00:15:46,00:00:00
2023-07-14,00:00:00,00:01:42,00:01:48,00:00:00,00:34:08,00:00:00,00:01:43,00:00:00,00:00:00,00:06:51,00:00:00,00:00:00,00:00:00,00:00:00,00:00:00,00:00:00,00:00:00,00:00:00,00:00:15,00:00:00,00:00:00,00:00:00,00:00:00,00:00:00,00:00:00,00:00:00,00:00:00,00:00:28,00:15:21,00:00:00,00:05:20,00:00:58,00:00:00,00:01:27,00:00:00,00:00:00,00:06:36,00:01:05,00:00:00,00:00:00,00:00:00,00:25:45,00:00:00
2023-07-15,00:00:00,00:02:51,00:02:18,00:00:00,00:19:59,00:00:00,00:00:12,00:00:00,00:00:00,00:01:52,00:00:31,00:00:00,00:00:00,00:00:00,00:00:00,00:00:00,00:00:00,00:00:00,00:02:59,00:00:00,00:00:00,00:00:00,00:00:00,00:01:39,00:00:26,00:00:00,00:00:00,00:00:08,00:09:47,00:00:00,00:02:27,00:00:00,00:00:00,00:02:13,00:00:00,00:00:00,00:04:00,00:01:02,00:00:00,00:00:00,00:00:00,00:11:42,00:00:00
2023-07-16,00:00:00,00:00:00,00:00:12,00:00:00,00:57:45,00:05:48,00:00:55,00:00:07,00:00:40,00:00:20,00:03:17,00:00:00,00:00:00,00:00:00,00:00:00,00:00:00,00:00:00,00:00:23,00:00:00,00:00:00,00:00:00,00:00:00,00:00:17,00:00:00,00:23:54,00:00:00,00:00:00,00:00:00,00:14:17,00:00:00,00:00:00,00:00:00,00:00:00,00:01:46,00:00:00,00:00:00,00:20:40,00:02:46,00:00:00,00:00:00,00:00:00,00:24:01,00:00:00
2023-07-17,00:00:00,00:00:00,00:08:42,00:00:00,00:01:23,00:02:11,00:00:00,00:00:00,00:00:28,00:00:04,00:00:15,00:00:00,00:00:00,00:00:00,00:00:00,00:00:00,00:00:00,00:00:00,00:01:00,00:00:00,00:00:00,00:01:46,00:00:00,00:00:00,00:07:51,00:00:00,00:01:49,00:00:00,00:06:35,00:00:00,00:00:00,00:01:27,00:00:00,00:00:16,00:00:00,00:00:00,00:00:00,00:01:13,00:00:00,00:00:00,00:00:00,00:05:00,00:00:00
2023-07-18,00:00:00,00:02:13,00:00:00,00:00:00,00:00:00,00:00:00,00:00:00,00:00:00,00:00:00,00:30:34,00:00:00,00:00:00,00:00:00,00:00:00,00:00:00,00:00:00,00:00:00,00:12:47,00:00:00,00:00:00,00:00:00,00:00:00,00:00:09,00:00:00,00:00:00,00:00:00,00:00:00,00:00:45,00:05:55,00:00:00,00:05:23,00:05:29,00:00:00,00:00:00,00:00:16,00:00:00,00:06:39,00:00:48,00:00:00,00:00:00,00:00:00,00:05:37,00:00:00
2023-07-19,00:00:00,00:02:20,00:01:02,00:00:00,00:56:36,00:10:16,00:00:00,00:00:00,00:00:38,00:01:51,00:00:00,00:00:12,00:00:00,00:00:00,00:00:00,00:00:00,00:00:00,00:00:10,00:00:44,00:00:00,00:00:00,00:00:00,00:00:00,00:00:00,00:00:00,00:00:00,00:00:00,00:01:10,00:08:51,00:00:00,00:04:07,00:01:06,00:00:00,00:00:45,00:00:01,00:00:00,00:09:02,00:01:35,00:00:00,00:00:00,00:00:00,00:27:14,00:00:00
2023-07-20,00:00:00,00:02:10,00:00:00,00:00:00,00:39:01,00:00:00,00:00:00,00:00:00,00:00:00,00:09:51,00:00:04,00:00:00,00:00:00,00:00:00,00:00:00,00:00:00,00:00:00,00:00:00,00:00:00,00:00:00,00:00:00,00:00:00,00:00:00,00:00:00,00:00:00,00:00:00,00:00:00,00:01:08,00:11:36,00:00:00,00:06:55,00:00:20,00:00:00,00:00:00,00:00:00,00:00:00,00:14:27,00:00:54,00:00:00,00:00:00,00:00:00,00:26:24,00:00:00
2023-07-21,00:00:00,00:01:20,00:04:04,00:00:00,01:13:31,00:00:00,00:00:00,00:00:00,00:00:00,00:02:11,00:00:00,00:00:00,00:00:00,00:00:00,00:00:00,00:00:00,00:00:00,00:00:00,00:00:00,00:00:00,00:00:00,00:00:00,00:00:00,00:00:12,00:00:00,00:00:00,00:00:00,00:00:11,00:13:50,00:00:00,00:02:27,00:01:00,00:00:00,00:00:00,00:00:00,00:00:00,00:00:58,00:00:44,00:00:00,00:00:00,00:00:00,00:07:50,00:00:00
2023-07-22,00:00:00,00:07:21,00:00:00,00:00:00,00:51:27,00:02:53,00:00:00,00:00:00,00:00:00,00:13:29,00:00:00,00:00:00,00:00:00,00:00:00,00:00:00,00:00:00,00:00:00,00:01:14,00:00:00,00:00:00,00:00:00,00:00:00,00:00:06,00:00:00,00:00:00,00:00:00,00:00:00,00:00:00,00:14:45,00:00:00,00:12:30,00:00:00,00:00:00,00:00:00,00:00:00,00:00:00,00:00:00,00:00:43,00:00:00,00:00:00,00:00:00,00:04:57,00:00:00
2023-07-23,00:00:00,00:00:00,00:00:00,00:00:00,00:00:55,00:00:25,00:00:00,00:00:28,00:00:00,00:00:35,00:00:00,00:00:00,00:00:00,00:00:00,00:00:00,00:00:00,00:00:00,00:00:00,00:00:00,00:00:00,00:00:00,00:00:00,00:00:00,00:00:38,00:02:05,00:00:00,00:00:00,00:00:00,00:16:13,00:00:00,00:00:00,00:00:00,00:00:00,00:00:19,00:00:00,00:00:00,00:00:24,00:00:52,00:00:00,00:00:00,00:00:00,00:09:09,00:00:00
2023-07-24,00:00:00,00:00:00,00:10:12,00:00:00,00:20:33,00:00:04,00:00:00,00:00:01,00:00:00,00:00:22,00:00:00,00:00:00,00:00:00,00:00:00,00:00:00,00:00:00,00:00:00,00:00:00,00:00:00,00:00:00,00:00:00,00:00:00,00:00:00,00:00:00,00:23:18,00:00:00,00:00:00,00:00:00,00:04:22,00:00:00,00:00:00,00:00:00,00:00:00,00:00:00,00:00:03,00:00:00,00:00:00,00:00:58,00:00:00,00:00:00,00:00:00,00:03:30,00:00:00
2023-07-25,00:00:00,00:03:06,00:00:00,00:00:00,01:09:06,00:00:19,00:03:03,00:00:00,00:00:00,00:14:54,00:00:04,00:00:00,00:00:00,00:00:00,00:00:00,00:00:00,00:00:00,00:00:00,00:00:00,00:00:00,00:00:00,00:00:13,00:00:07,00:00:00,00:00:00,00:00:00,00:00:00,00:00:00,00:04:42,00:00:00,00:29:55,00:01:55,00:00:00,00:00:00,00:00:00,00:00:00,00:00:00,00:00:37,00:00:00,00:00:00,00:00:00,00:23:47,00:00:00
2023-07-26,00:00:00,00:07:12,00:03:45,00:00:00,00:07:44,00:00:06,00:00:00,00:00:46,00:02:22,00:06:45,00:00:03,00:00:00,00:00:00,00:00:00,00:00:00,00:00:00,00:00:00,00:00:00,00:02:25,00:00:00,00:00:00,00:00:00,00:00:00,00:01:33,00:00:00,00:00:00,00:00:53,00:00:00,00:17:22,00:00:00,00:18:34,00:00:37,00:00:00,00:00:14,00:00:00,00:00:00,00:00:00,00:00:46,00:00:00,00:00:00,00:00:00,00:19:12,00:00:00
2023-07-27,00:00:00,00:03:08,00:02:14,00:00:00,01:25:16,00:00:00,00:00:04,00:00:00,00:00:00,00:11:04,00:01:05,00:00:00,00:00:00,00:00:00,00:00:00,00:00:03,00:00:00,00:00:00,00:00:00,00:00:00,00:00:00,00:00:00,00:00:00,00:00:00,00:00:21,00:00:00,00:00:00,00:00:00,00:15:02,00:00:00,00:14:13,00:00:37,00:00:00,00:00:00,00:00:00,00:00:00,00:00:00,00:00:53,00:00:00,00:00:00,00:00:00,00:12:05,00:00:00
2023-07-28,00:00:00,00:00:48,00:00:50,00:00:00,00:57:09,00:03:38,00:00:00,00:00:20,00:00:24,00:19:17,00:03:01,00:00:00,00:00:00,00:00:00,00:00:00,00:00:00,00:00:00,00:02:33,00:15:42,00:00:00,00:00:00,00:01:18,00:00:00,00:00:00,00:00:00,00:00:00,00:00:00,00:00:00,00:10:40,00:00:00,00:05:08,00:00:36,00:00:00,00:00:00,00:00:00,00:00:00,00:02:11,00:01:25,00:00:00,00:00:00,00:00:00,00:15:09,00:00:00
2023-07-29,00:00:00,00:00:00,00:00:00,00:00:00,00:39:37,00:00:08,00:00:00,00:00:04,00:00:00,00:20:57,00:00:00,00:00:00,00:00:00,00:00:00,00:00:00,00:00:00,00:00:00,00:00:00,00:01:34,00:00:00,00:00:00,00:00:00,00:00:00,00:00:00,00:00:00,00:00:00,00:00:00,00:00:00,00:07:30,00:00:00,00:00:00,00:00:00,00:00:00,00:01:24,00:00:00,00:00:00,00:00:00,00:00:29,00:00:00,00:00:00,00:00:00,00:12:59,00:00:00
2023-07-30,00:00:00,00:00:00,00:02:56,00:00:00,00:13:52,00:04:59,00:01:40,00:00:00,00:00:00,00:00:03,00:00:05,00:00:00,00:00:00,00:00:00,00:00:00,00:00:00,00:00:00,00:00:21,00:00:35,00:00:00,00:00:00,00:00:00,00:00:00,00:01:10,00:00:00,00:00:00,00:00:00,00:00:27,00:13:18,00:00:00,00:03:19,00:00:00,00:00:00,00:00:00,00:00:00,00:00:00,00:00:00,00:00:37,00:00:00,00:00:00,00:00:00,00:12:44,00:00:00
2023-07-31,00:00:00,00:00:00,00:29:04,00:00:00,01:58:14,00:00:51,00:00:55,00:00:00,00:04:18,00:00:47,00:02:05,00:00:00,00:00:00,00:00:00,00:00:00,00:00:00,00:00:24,00:00:00,00:02:55,00:00:00,00:05:51,00:00:06,00:00:00,00:01:04,00:00:00,00:00:00,00:02:12,00:00:00,00:08:56,00:00:00,00:06:06,00:00:00,00:00:00,00:06:25,00:00:00,00:00:00,00:00:00,00:01:33,00:00:00,00:00:00,00:00:00,00:15:28,00:00:00
